site,wildtype,AAA,AAC,AAG,AAT,ACA,ACC,ACG,ACT,AGA,AGC,AGG,AGT,ATA,ATC,ATG,ATT,CAA,CAC,CAG,CAT,CCA,CCC,CCG,CCT,CGA,CGC,CGG,CGT,CTA,CTC,CTG,CTT,GAA,GAC,GAG,GAT,GCA,GCC,GCG,GCT,GGA,GGC,GGG,GGT,GTA,GTC,GTG,GTT,TAA,TAC,TAG,TAT,TCA,TCC,TCG,TCT,TGA,TGC,TGG,TGT,TTA,TTC,TTG,TTT
30,GCA,7,22,0,0,158,4,0,0,9,15,0,17,0,0,8,6,2,9,0,7,9,0,0,0,0,0,0,0,0,0,0,0,81,0,9,13,173518,0,4,6,0,15,0,8,6,0,0,0,0,0,0,0,23,0,0,20,0,0,0,0,0,10,0,18
31,GAA,45,12,0,0,0,28,15,0,19,0,0,0,0,0,0,0,0,0,0,0,0,0,0,18,20,0,16,0,0,0,8,0,173895,9,0,13,0,17,16,0,0,11,0,0,0,0,0,0,0,0,0,0,12,0,0,0,0,0,0,0,0,0,0,0
32,AAC,4,173737,0,40,1,26,45,21,34,12,0,0,0,16,0,12,9,0,21,0,0,5,0,19,0,0,0,0,0,5,0,0,0,11,0,0,0,14,14,0,0,0,13,0,12,0,3,0,0,29,0,12,0,0,0,0,0,0,0,0,0,10,8,0
33,TTG,0,0,3,0,0,0,0,0,0,0,0,0,0,23,27,0,0,0,0,0,8,0,0,0,0,0,0,0,0,0,1,0,13,0,0,0,12,0,0,0,1,0,0,26,0,0,9,0,0,0,0,0,0,0,52,0,0,0,0,0,68,0,173842,15
34,TGG,0,0,0,0,0,0,0,0,0,0,0,0,0,0,0,0,0,0,0,0,0,0,0,0,0,0,4,0,0,0,0,0,0,0,0,0,0,0,0,0,0,0,1,0,0,0,0,0,0,13,37,0,0,0,0,0,25,0,173979,4,0,0,4,0
35,GTC,0,0,0,0,0,9,0,9,0,0,0,0,0,117,0,0,14,0,0,0,0,0,0,0,0,0,0,0,0,0,0,0,0,0,0,0,0,19,0,0,0,0,0,0,19,173889,0,26,0,0,0,0,14,0,0,0,0,0,0,0,0,1,0,0
36,ACT,0,0,0,9,10,8,0,173877,0,10,0,0,0,0,0,81,0,0,0,0,0,0,0,0,0,0,0,0,0,0,0,0,0,0,0,0,11,0,0,25,0,0,0,14,0,0,0,0,0,0,0,0,0,0,0,29,0,0,0,0,0,0,0,0
37,GTC,0,0,0,0,0,0,0,0,0,0,0,0,0,89,0,0,0,0,0,0,0,0,0,0,0,0,0,0,0,0,0,0,0,0,0,0,0,13,0,0,0,0,0,0,21,173811,17,11,0,0,0,0,0,0,0,0,0,0,0,0,0,1,0,0
38,TAC,0,0,0,0,0,0,0,0,0,0,0,0,0,0,0,0,0,4,0,0,0,0,0,0,0,0,0,0,15,0,0,6,0,0,0,0,0,0,0,0,0,0,0,0,0,0,0,0,21,173947,0,64,0,0,0,0,0,0,0,0,0,0,0,22
39,TAT,0,0,0,21,0,0,0,0,0,0,0,0,0,0,0,0,0,0,0,10,0,0,0,0,0,0,0,0,0,0,0,0,0,0,0,0,0,0,0,0,0,0,0,0,0,0,0,0,1,0,0,174014,0,0,0,0,0,0,0,1,0,0,0,1
40,GGG,0,0,0,0,0,0,0,0,0,0,3,0,0,0,0,0,0,0,0,0,0,0,0,0,0,0,2,0,0,0,0,0,0,0,14,0,0,36,0,0,10,15,173898,1,0,0,17,0,0,0,0,0,0,0,0,0,18,0,1,0,0,0,0,0
41,GTA,0,0,0,0,0,0,0,0,0,0,0,0,84,0,0,0,0,0,0,0,0,0,0,0,0,0,0,0,0,0,0,0,0,0,0,0,6,0,0,0,0,0,0,0,173826,0,31,0,0,0,0,0,0,0,0,0,0,0,0,0,0,0,0,0
42,CCT,0,0,3,0,0,0,0,10,0,0,0,0,0,0,0,0,0,0,0,5,16,172,30,173752,0,0,0,0,15,0,0,7,0,0,0,0,0,0,0,0,0,0,0,0,0,0,0,0,0,0,0,0,0,0,0,67,0,0,0,0,0,0,0,0
43,GTG,0,0,13,8,22,0,0,0,15,0,0,0,0,0,32,0,0,0,0,0,0,0,0,0,0,0,0,0,0,0,1,0,0,0,0,0,0,12,16,0,0,0,0,0,40,26,173797,36,26,0,0,0,0,0,0,0,0,16,0,0,0,0,31,0
44,TGG,0,0,0,0,0,0,0,0,0,0,6,0,0,0,0,0,0,0,0,0,0,0,0,0,0,0,3,0,0,0,0,0,0,0,0,0,0,0,0,0,0,0,0,0,0,0,0,0,0,24,40,8,0,0,0,0,40,0,173952,2,0,0,5,18
45,AAA,173582,10,51,35,1,0,0,0,38,0,0,44,25,0,12,11,8,0,0,14,0,0,0,0,0,9,11,0,0,0,0,0,87,19,1,0,0,0,0,0,0,0,0,0,0,12,0,0,1,0,0,0,0,0,0,0,0,0,0,0,19,0,0,0
46,GAC,0,88,0,18,0,0,0,0,0,0,0,10,0,0,0,0,0,0,0,0,0,0,0,0,28,0,0,0,0,0,0,0,47,173726,6,30,0,0,0,0,0,30,0,0,0,0,0,0,0,1,0,38,9,0,27,0,0,0,0,0,0,0,0,0
47,GCA,0,0,0,0,200,6,0,0,0,0,0,0,0,0,0,0,0,0,15,0,0,0,0,0,0,0,0,0,0,0,0,0,0,0,0,0,173298,16,201,30,0,0,0,0,132,0,0,9,0,0,0,0,53,0,0,9,0,0,0,0,0,0,0,0
48,GAG,0,0,17,0,0,13,0,0,0,17,15,0,22,0,0,18,0,0,18,0,0,0,0,0,0,0,13,0,10,0,12,7,50,15,173446,89,14,24,33,0,14,0,38,0,0,0,48,7,0,14,19,9,0,0,19,0,0,0,12,0,22,12,16,0
49,ACC,0,0,0,0,8,173650,0,32,0,0,0,0,0,30,0,0,0,0,0,0,0,23,0,0,0,0,0,0,0,0,0,0,0,0,0,0,0,19,0,15,0,0,0,0,0,0,0,0,0,0,0,0,0,0,0,0,0,13,0,0,0,0,0,0
50,ACC,0,1,0,0,14,173817,0,11,7,17,18,0,0,56,0,10,0,0,0,1,0,29,0,8,0,0,0,13,15,0,0,0,0,0,0,0,0,0,0,0,0,0,0,0,39,0,0,1,12,0,0,0,0,0,0,0,0,0,0,0,0,26,0,5
51,TTA,0,0,0,0,5,0,0,0,0,0,0,0,4,0,0,0,0,0,0,0,0,0,0,0,0,0,0,0,50,0,12,0,0,0,0,0,23,0,0,0,0,0,0,0,3,0,0,0,22,0,0,14,6,0,0,0,0,0,0,0,173836,0,0,21
52,TTT,0,0,0,0,0,0,0,0,0,0,0,0,7,0,0,36,0,0,0,0,0,0,0,0,0,0,0,0,14,0,0,14,0,0,0,0,0,31,0,0,0,0,0,0,0,0,0,11,0,0,0,0,0,0,0,6,0,0,0,0,10,0,0,173919
53,TGT,0,0,0,0,0,0,0,0,0,0,0,1,0,0,0,0,0,0,0,0,0,0,0,0,0,0,0,10,0,0,0,0,0,0,0,0,0,0,0,0,0,0,0,0,0,0,0,0,0,0,0,20,0,0,0,1,0,35,0,173915,0,0,0,14
54,GCA,0,0,0,0,157,16,0,0,0,18,0,0,8,0,0,11,0,0,0,0,0,0,0,0,0,0,0,0,0,0,0,0,44,0,0,0,173433,18,0,20,0,0,0,12,190,0,0,0,0,0,0,0,0,0,0,0,0,0,0,0,0,0,0,0
55,TCA,0,0,0,0,28,0,0,0,0,11,0,12,0,0,0,0,0,0,0,0,4,0,0,0,0,0,12,0,0,0,0,0,0,0,0,0,0,0,12,0,0,0,0,0,0,0,0,0,0,0,0,0,173825,2,66,4,0,0,15,0,33,0,0,0
56,GAT,0,0,0,15,0,0,0,0,0,6,0,0,0,0,0,13,0,30,0,0,0,0,0,0,0,10,0,0,0,0,0,11,3,29,0,173782,0,11,0,0,0,0,0,0,0,0,0,11,0,0,0,6,0,0,0,0,6,0,0,0,0,15,0,7
57,GCT,0,0,0,0,22,8,0,76,0,0,0,0,0,0,19,36,0,0,0,0,0,0,0,0,0,0,0,0,0,9,0,0,0,0,0,31,0,45,0,173704,0,0,0,0,25,0,0,25,0,0,0,6,0,0,0,6,0,0,0,0,0,0,0,0
58,AAA,173929,0,1,10,0,0,0,0,4,0,0,0,0,0,0,0,0,0,0,0,18,0,0,0,0,0,0,0,0,0,0,0,5,0,0,0,0,19,0,0,0,0,0,0,0,0,0,0,0,0,0,0,0,0,0,0,0,0,0,0,0,0,0,0
59,GCA,0,0,0,0,97,0,0,10,0,0,0,13,24,0,0,0,10,0,10,21,15,12,0,8,0,0,0,0,0,0,0,0,0,0,0,0,173610,10,0,14,0,0,0,12,83,0,20,0,0,0,0,0,10,0,0,0,0,0,0,0,0,11,0,0
60,TAT,0,0,0,0,0,13,0,0,0,0,0,0,0,0,0,0,0,6,0,13,0,0,0,0,0,0,0,0,0,0,22,0,0,0,0,0,0,0,0,0,0,0,0,0,0,10,0,0,4,4,20,173830,0,0,0,0,0,0,0,35,0,0,0,0
61,GAG,0,0,26,0,0,0,0,0,0,0,0,0,17,12,0,0,13,16,0,0,0,0,0,0,0,0,0,6,0,0,12,0,24,0,173639,38,12,0,0,0,0,0,56,0,0,0,3,0,0,0,0,16,0,0,0,0,0,0,0,0,0,0,0,0
62,ACA,73,12,0,9,173643,18,26,0,16,12,0,0,57,0,0,14,0,0,0,0,0,0,21,0,3,0,0,0,0,0,0,0,0,0,0,0,52,13,0,0,0,0,14,0,0,0,5,0,0,0,0,0,0,0,0,0,0,17,0,0,0,0,0,0
63,GAA,6,0,0,0,0,0,0,0,0,0,0,0,0,0,0,0,0,0,0,0,0,0,0,0,0,0,0,0,0,0,0,0,173889,0,42,7,0,0,0,0,23,0,0,0,0,0,0,0,14,0,0,0,0,0,0,0,0,0,0,0,0,0,0,0
64,AAG,116,0,173707,44,11,0,1,0,0,0,48,0,0,0,1,0,0,11,1,0,7,0,0,0,0,0,0,0,0,0,4,0,5,0,0,0,0,0,0,0,0,0,0,2,0,0,0,0,0,0,0,0,0,0,0,0,0,17,12,0,35,0,0,10
65,CAT,0,0,0,13,0,2,0,0,0,0,0,21,16,18,0,12,16,14,0,173909,0,0,0,0,0,0,0,2,0,0,0,0,0,0,0,0,0,0,0,0,0,0,0,0,0,0,0,0,0,0,0,22,14,0,0,24,0,0,0,0,0,0,0,5
66,AAT,0,15,0,173903,0,16,0,0,12,0,0,9,0,0,0,0,0,0,0,0,0,0,0,0,0,0,0,0,0,0,0,0,0,0,0,16,0,0,0,0,0,0,0,0,0,0,0,0,0,0,0,13,0,0,0,0,14,20,0,0,0,0,0,0
67,GTC,0,12,0,0,12,0,16,0,0,0,0,0,0,23,0,0,0,0,0,10,0,0,0,0,0,0,0,0,0,0,0,0,0,0,0,0,0,1,0,0,0,0,0,0,28,173468,0,2,0,0,0,0,0,0,0,0,0,0,0,0,11,19,0,0
68,TGG,0,0,0,0,0,0,0,0,0,0,45,0,0,0,0,0,0,0,0,0,0,0,0,0,0,19,24,0,0,0,0,0,0,0,0,0,0,0,0,0,0,0,12,0,0,17,0,0,0,0,30,0,0,0,0,0,8,0,173682,7,0,0,0,0
69,GCT,0,0,0,0,0,0,0,87,0,0,0,0,0,0,13,0,0,0,0,0,0,0,0,0,0,0,0,0,0,0,0,0,0,0,13,2,0,16,0,173619,0,0,0,0,0,0,12,18,0,0,0,0,0,20,0,20,0,13,0,0,0,11,0,0
70,ACA,1,0,0,0,173826,12,41,14,1,0,0,0,106,0,0,0,0,0,0,0,0,0,0,0,0,0,0,0,0,0,0,0,0,0,0,0,3,0,0,0,0,0,0,0,0,0,0,0,0,9,0,0,0,0,0,0,0,0,0,0,0,0,0,0
71,CAT,15,0,26,13,0,0,0,0,0,0,0,0,0,0,0,0,0,2,0,173771,0,0,0,0,18,12,0,31,0,0,0,0,9,0,0,0,0,0,0,0,0,0,0,0,0,0,0,0,0,0,0,111,0,0,0,0,0,0,17,0,0,0,0,0
72,GCC,0,0,0,0,0,55,0,0,0,0,0,0,0,0,0,0,0,0,0,0,0,0,0,0,0,0,0,0,0,0,0,0,0,8,0,0,43,172428,1,24,0,0,0,0,0,58,0,0,0,0,0,0,0,0,0,0,0,0,0,0,0,0,0,0
73,TGT,0,0,0,0,0,0,0,0,0,0,0,12,0,0,0,0,0,0,0,0,0,0,0,0,0,0,0,53,0,0,0,0,0,0,0,0,0,0,0,0,0,0,0,8,0,0,0,0,0,0,0,62,0,0,0,0,0,32,0,173299,0,0,0,2
74,GTA,0,0,0,0,0,0,0,0,0,0,0,0,97,0,0,0,0,0,0,0,0,0,0,0,0,0,0,0,0,0,0,0,0,0,0,0,66,0,0,0,0,0,0,0,173198,0,43,0,0,1,0,0,0,0,0,13,0,0,0,0,12,0,0,0
75,CCC,0,0,0,0,0,0,0,0,0,0,0,0,0,0,0,0,0,11,0,0,37,173641,0,45,0,0,0,0,0,2,0,0,0,0,0,0,0,11,0,0,0,0,0,0,0,0,0,0,0,0,0,0,0,81,0,0,0,0,0,0,0,0,0,0
76,ACA,0,9,0,0,173007,44,303,17,0,6,0,0,96,21,0,48,0,12,0,0,0,19,0,0,0,0,0,0,0,0,13,0,0,0,0,0,45,0,0,0,0,0,0,0,15,0,6,0,0,14,0,0,31,0,11,0,0,0,0,0,0,7,0,7
77,GAC,0,21,19,0,0,0,0,0,9,22,0,0,0,0,0,0,0,9,0,0,0,0,0,0,0,0,13,0,0,0,0,0,1,172687,0,67,0,0,10,0,0,25,0,17,0,0,0,0,0,19,0,0,0,0,0,0,0,0,0,0,0,0,0,0
78,CCC,0,0,0,0,0,51,0,38,0,19,0,0,0,0,0,0,0,9,0,0,40,173419,0,7,0,3,0,0,0,54,0,34,0,0,0,0,0,0,9,0,0,0,0,0,0,0,0,0,0,0,0,0,14,54,0,0,0,0,0,0,0,16,0,0
79,AAC,46,173004,5,98,0,74,0,0,0,21,0,1,0,0,16,13,9,0,0,0,0,0,0,0,0,0,0,0,0,10,0,14,0,50,18,7,0,0,0,0,0,0,0,0,14,0,0,0,0,59,0,0,0,0,0,12,0,0,0,0,0,7,25,0
80,CCA,0,6,0,0,38,13,30,0,8,0,0,0,0,37,0,0,15,37,0,0,173386,11,5,1,0,0,0,0,15,0,13,0,0,0,0,0,0,0,0,0,0,0,0,0,0,0,0,0,0,0,0,0,38,0,0,0,0,0,0,0,0,17,0,0
81,CAA,1,0,27,6,13,14,0,0,0,0,0,0,0,19,16,0,173528,22,32,9,12,0,0,0,61,0,0,22,0,15,0,0,0,14,0,0,22,0,0,0,0,14,0,0,0,0,0,13,32,21,0,0,10,3,0,13,0,0,0,0,0,18,0,10
82,GAA,27,0,0,0,0,0,0,0,0,0,0,0,0,0,0,0,0,0,0,0,0,23,0,0,0,0,0,0,0,0,0,0,173811,0,14,0,36,0,0,0,0,0,0,0,12,0,7,0,9,0,0,0,35,0,0,0,0,0,0,0,0,0,0,0
83,ATA,31,13,28,6,18,6,0,25,0,0,0,7,173161,0,117,8,11,15,27,0,0,0,0,0,0,0,0,0,0,0,0,0,0,0,8,0,9,0,0,18,0,0,0,5,7,0,0,0,0,0,0,0,0,0,14,0,0,0,43,11,0,0,7,0
84,CAT,35,0,22,51,152,0,0,0,0,0,0,20,5,0,0,12,6,15,0,171071,3,0,9,0,15,0,0,8,16,0,19,7,12,12,0,0,0,0,0,0,0,0,0,0,10,0,0,0,0,0,0,27,0,17,0,22,0,0,0,18,0,0,15,0
85,TTG,0,0,0,0,0,0,0,0,0,0,0,0,6,33,58,0,0,0,0,2,0,0,0,0,0,0,0,0,0,0,11,0,0,0,0,0,0,0,0,0,0,0,0,0,0,23,14,22,0,0,0,0,12,0,3,0,0,0,1,0,39,0,172361,149
86,GAA,19,0,0,13,0,0,0,0,0,0,6,10,0,0,0,0,0,0,0,0,0,27,0,11,0,0,0,0,0,0,0,0,173054,0,2,33,4,13,0,0,182,0,0,0,0,0,0,0,0,6,0,10,0,0,0,12,0,0,0,12,0,0,3,0
87,AAT,17,4,8,173018,0,0,0,0,0,0,0,1,0,0,0,0,0,0,0,0,0,0,0,0,0,0,24,0,0,0,0,0,0,0,0,8,0,0,0,0,0,0,21,0,0,0,0,0,0,0,0,0,0,0,0,0,0,0,0,0,0,0,0,0
88,GTG,3,0,0,0,0,0,0,0,0,0,0,0,0,0,84,0,0,0,0,0,0,0,0,0,0,0,0,0,0,0,0,0,0,0,0,0,0,0,0,0,0,0,0,0,24,17,172940,23,0,17,0,0,0,0,0,0,0,0,0,0,26,0,11,0
89,ACT,0,0,0,9,0,15,14,173406,0,0,0,15,0,0,0,34,0,0,0,0,0,0,0,0,0,0,0,18,0,0,0,0,0,0,0,0,0,0,0,42,0,0,0,0,0,0,0,0,0,0,0,0,0,0,8,0,0,0,0,0,0,0,0,0
90,GAA,32,0,0,0,0,0,0,0,0,0,0,0,0,0,0,0,0,0,0,0,0,0,0,0,0,0,0,0,0,0,0,11,173076,3,27,17,0,0,0,0,20,0,0,0,1,13,0,0,13,0,0,0,0,0,0,0,0,0,0,0,0,0,0,0
91,GAG,0,0,13,0,0,0,0,0,0,0,0,0,0,0,0,0,0,0,0,0,0,0,0,0,0,0,0,0,0,0,0,0,50,15,173467,9,0,0,0,11,0,0,0,0,0,14,0,0,0,15,0,0,0,0,0,0,0,15,0,0,0,0,0,0
92,TTT,0,0,0,0,0,0,0,0,0,0,0,0,0,0,0,0,0,0,0,0,0,0,0,0,0,0,0,0,0,0,0,0,0,0,0,0,0,0,0,0,0,0,0,0,0,0,0,0,0,0,0,0,0,0,0,3,0,0,0,0,9,16,0,173582
93,AAC,22,172841,20,92,0,9,0,0,18,51,0,0,0,0,0,0,19,0,0,0,0,0,0,0,0,0,18,0,0,0,0,0,0,18,0,10,0,8,0,0,0,0,0,0,0,0,0,0,0,0,0,0,0,0,0,0,0,0,0,0,14,0,0,0
94,ATG,0,12,0,0,0,0,12,0,0,0,15,12,63,1,173212,6,0,0,0,0,0,0,0,0,0,0,0,0,19,0,0,0,0,0,0,0,0,17,15,3,0,0,0,0,28,0,11,18,0,0,0,0,8,0,0,0,0,0,0,0,0,0,23,0
95,TGG,0,0,0,0,0,0,0,0,0,0,14,0,0,0,0,0,15,0,0,0,0,0,0,0,0,0,24,0,0,0,0,0,0,0,0,0,0,0,0,0,0,0,0,0,0,0,0,0,0,0,7,0,0,0,0,0,44,16,173478,0,0,0,2,0
96,AAA,173657,0,0,0,0,12,0,33,0,12,0,0,11,0,0,0,12,12,10,0,0,0,0,0,0,0,0,0,0,0,0,0,1,0,0,14,0,0,20,0,7,0,0,0,10,0,0,0,0,14,0,0,17,0,0,17,0,0,0,0,0,0,0,0
97,AAT,0,11,0,173464,0,0,0,10,0,14,0,1,0,0,0,72,0,7,0,0,0,0,0,0,0,0,0,0,12,0,0,0,0,0,0,19,0,0,0,0,0,0,0,0,0,0,0,0,0,0,0,13,0,16,0,0,0,0,0,0,0,0,0,0
98,AAC,1,173740,4,44,0,0,13,0,0,34,0,0,0,0,0,0,0,0,0,0,13,0,0,0,0,0,0,0,0,0,0,0,10,71,0,0,1,0,0,0,0,0,0,0,0,0,0,0,0,0,0,0,0,0,0,0,0,0,0,0,0,0,0,0
99,ATG,0,0,0,0,0,0,2,0,0,0,8,0,30,0,173638,42,0,0,0,0,0,0,0,0,0,0,0,0,0,0,0,0,0,0,0,0,0,0,0,0,0,0,0,0,0,11,14,0,0,0,0,0,0,0,0,0,0,0,0,0,9,16,8,0
100,GTA,0,0,0,0,0,0,0,0,0,0,0,0,78,0,0,0,0,0,0,0,0,0,0,0,0,0,0,0,6,0,0,0,0,3,0,0,1,14,0,0,0,0,0,0,173733,0,32,15,0,0,0,0,0,0,0,12,0,0,0,0,0,0,0,0
101,GAG,0,20,21,0,9,3,0,0,0,0,0,0,0,0,0,0,18,5,0,0,0,0,0,0,0,10,0,0,0,0,0,0,98,0,173489,50,0,0,0,0,0,0,8,0,0,0,0,0,12,11,0,0,0,44,0,0,0,0,0,0,10,0,0,0
102,CAG,0,0,1,10,0,24,3,12,0,0,0,0,0,18,0,0,14,0,173176,40,0,0,0,0,34,0,13,0,0,0,0,0,0,0,49,0,0,13,0,0,0,0,12,0,11,0,0,0,0,0,49,0,0,0,0,0,0,0,0,0,0,0,0,0
103,ATG,0,0,0,0,8,0,0,0,0,0,15,8,148,0,173246,44,0,0,0,0,0,0,0,0,0,0,0,0,0,0,0,0,0,0,0,0,0,0,0,0,0,0,0,0,0,0,0,4,0,0,0,0,13,0,0,0,0,0,0,0,0,10,0,0
104,CAT,0,0,0,27,0,0,0,0,0,0,0,0,0,0,0,0,17,12,0,173207,0,12,0,0,0,0,0,8,16,13,0,0,0,0,0,11,0,0,0,0,12,0,0,0,0,0,0,0,0,0,0,42,0,0,0,0,0,0,0,0,0,0,0,0
105,ACA,11,0,10,0,173173,1,46,0,1,0,0,0,84,12,11,0,0,0,0,0,0,0,0,0,0,10,0,0,0,11,0,0,15,0,0,0,43,9,0,0,0,0,0,0,0,13,0,0,0,13,0,0,0,14,0,0,0,12,0,0,4,0,0,0
106,GAT,0,0,0,38,0,0,0,0,0,0,0,0,0,0,0,0,0,0,0,0,0,0,0,0,0,0,0,0,0,0,0,0,0,19,0,173395,12,0,0,0,0,0,0,2,0,0,0,0,0,0,0,1,0,0,0,0,0,0,0,0,0,0,0,0
107,ATC,25,12,0,0,0,15,48,9,0,0,0,0,21,173433,8,58,21,0,0,0,0,0,0,0,0,0,0,0,0,0,0,0,0,0,0,0,13,0,0,0,0,0,0,0,0,26,18,0,0,0,0,0,0,30,0,0,0,0,0,0,0,0,0,0
108,ATC,0,25,0,7,45,53,22,0,0,0,0,0,41,173064,0,46,0,0,2,0,0,0,0,0,21,0,0,13,30,0,12,0,31,0,0,0,0,0,0,0,0,9,5,0,0,16,0,0,0,0,0,0,15,0,0,0,0,0,0,0,0,0,31,0
109,AGT,0,0,0,51,0,0,0,15,10,21,0,173522,0,0,9,0,0,14,0,36,0,0,0,0,0,0,0,0,0,0,0,0,0,20,0,13,0,0,0,0,0,13,0,3,5,18,0,0,0,0,0,0,0,36,20,0,0,0,0,15,0,0,0,0
110,CTA,0,0,0,0,0,0,0,0,0,0,0,0,33,0,0,0,13,0,0,0,31,0,0,0,0,0,0,0,173644,0,11,0,0,0,0,0,0,0,0,0,0,0,0,0,0,0,0,0,0,0,0,0,0,0,0,0,0,0,0,0,57,0,0,0
111,TGG,0,0,0,0,0,0,23,0,0,0,14,0,0,0,0,0,13,0,0,0,0,15,0,0,0,0,13,0,0,0,0,0,0,0,0,0,0,0,25,0,0,22,6,0,0,0,0,0,0,0,33,0,0,12,0,0,14,0,173517,8,0,14,4,11
112,GAC,0,35,0,0,0,7,0,0,0,0,0,0,0,0,0,0,0,0,0,0,0,0,0,0,0,0,0,0,0,0,0,0,10,173503,12,4,0,0,0,19,16,2,0,0,0,16,14,0,0,1,0,0,0,0,9,0,0,0,0,0,0,0,0,0
113,CAA,19,0,10,21,0,13,14,0,0,0,0,0,0,0,0,0,173537,1,44,11,1,0,0,0,41,0,0,0,14,10,0,0,0,0,0,0,0,0,0,0,0,0,0,0,13,0,0,0,21,15,0,0,0,0,0,0,0,0,0,0,0,0,0,0
114,AGC,13,30,0,20,19,19,8,0,0,173188,0,7,0,12,51,7,0,0,0,0,0,0,0,0,0,6,0,0,0,0,0,0,0,0,0,0,11,14,0,0,0,26,0,0,0,0,0,0,13,0,0,0,12,0,0,0,0,2,0,0,0,16,12,0
115,CTA,0,0,0,0,0,0,0,0,0,0,0,0,25,21,0,0,0,0,0,0,51,0,0,0,0,0,0,0,173718,4,19,0,0,0,0,0,0,0,0,0,0,0,0,0,0,0,0,0,0,0,0,0,0,0,0,0,0,0,0,0,40,0,24,0
116,AAG,69,0,173426,11,9,0,11,0,17,17,2,0,19,0,24,12,0,0,18,0,0,0,0,0,14,0,8,0,0,0,0,0,4,0,4,72,0,0,0,38,0,0,0,0,0,0,0,0,0,18,0,0,9,0,2,0,0,0,0,0,17,0,26,0
117,CCA,0,0,0,0,16,0,11,0,0,0,0,0,0,10,0,0,19,0,0,8,173644,0,69,25,0,0,0,0,1,0,0,0,11,0,0,0,0,0,0,0,0,0,0,0,9,0,0,2,0,0,7,0,62,0,0,0,0,0,0,0,0,0,0,0
118,TGT,0,0,0,0,0,0,0,0,0,0,0,25,0,0,0,0,0,0,0,13,0,0,0,0,0,0,0,19,0,0,0,0,0,0,0,0,0,0,0,0,0,0,0,17,0,0,0,11,0,0,0,64,0,0,0,0,8,18,0,173671,28,0,0,44
119,GTA,0,0,0,0,0,0,0,12,0,12,0,7,44,0,0,0,10,0,20,0,0,0,0,0,0,11,0,0,22,0,0,13,30,0,0,0,53,0,12,0,0,0,23,0,173472,13,18,0,0,0,0,0,14,0,0,12,0,0,0,0,4,0,0,0
120,AAG,2,32,173757,9,0,17,0,0,0,0,2,17,0,0,0,9,0,0,35,16,0,0,0,0,0,0,0,0,14,0,6,0,11,0,30,0,0,4,0,0,0,10,0,0,0,0,35,0,0,0,0,0,0,0,0,11,0,0,0,0,11,0,0,0
121,TTA,0,0,0,0,0,0,0,0,0,0,0,0,5,0,0,0,0,0,0,0,0,0,0,0,0,0,0,0,23,14,15,0,0,0,0,0,0,0,0,0,0,0,0,0,0,0,0,0,0,0,0,0,13,0,0,0,0,0,0,0,173680,0,25,0
122,ACC,8,17,0,0,26,173300,0,32,0,9,0,17,28,44,0,0,0,0,19,0,0,0,0,24,0,0,0,0,0,0,7,0,0,0,17,0,0,31,0,0,0,0,0,0,0,0,0,0,0,0,0,0,20,0,17,0,0,0,0,0,0,0,0,0
123,CCT,0,0,0,0,0,0,0,5,0,0,10,0,19,0,0,0,0,0,0,5,1,59,0,172678,0,0,0,0,0,0,0,11,0,0,0,0,0,0,0,0,0,0,0,0,0,0,0,0,0,0,0,0,0,0,0,14,0,0,0,0,0,0,0,0
124,CTC,0,0,0,0,0,0,0,0,0,0,0,0,0,2,0,0,0,0,0,0,0,9,0,0,0,0,0,0,15,173712,0,0,0,17,0,0,0,0,0,0,0,0,0,0,0,0,0,0,0,0,0,0,0,0,0,0,0,0,0,0,0,4,0,0
125,TGC,0,0,0,0,0,0,0,0,0,1,0,0,0,0,0,0,0,0,0,0,0,0,0,0,0,30,0,0,0,0,0,0,0,0,0,0,0,0,0,0,0,0,0,0,0,0,0,0,0,28,0,0,0,1,0,0,0,173748,0,124,0,1,0,0
126,GTT,0,0,0,0,0,0,0,2,0,0,0,0,3,0,0,21,0,0,7,0,0,0,0,0,0,0,4,0,8,0,0,0,0,0,0,0,0,0,8,2,0,0,0,0,0,33,3,81504,0,0,0,0,0,3,0,0,0,0,0,0,3,0,0,7
127,ACT,0,0,0,0,0,2,0,81463,0,0,0,0,0,0,0,24,0,7,0,0,0,0,0,0,0,0,0,12,0,0,0,0,0,0,0,0,0,0,0,2,0,0,0,0,0,0,0,0,0,0,0,0,0,0,0,0,0,0,0,0,0,0,2,0
128,CTA,6,0,0,0,0,0,0,0,0,0,0,0,1,15,0,0,0,0,0,0,7,0,0,0,0,0,0,0,81463,14,14,0,0,0,0,0,0,0,0,0,0,0,0,0,0,0,0,0,0,0,0,0,0,0,0,0,0,0,0,0,21,2,0,0
129,CAG,0,0,19,0,4,4,0,0,0,0,7,0,0,0,6,0,46,0,81430,19,0,0,0,0,0,0,6,0,0,0,1,4,0,0,2,3,6,0,0,0,0,10,0,0,0,7,0,0,0,0,13,4,0,0,0,13,0,0,0,0,4,5,0,0
130,TGT,0,0,0,0,0,0,0,0,0,8,0,0,0,0,0,0,0,0,0,0,0,0,0,0,0,0,0,1,0,0,0,0,0,0,0,0,0,0,0,0,0,0,4,0,0,0,0,0,0,0,0,19,0,0,0,1,0,4,0,81528,0,0,0,17
131,ACC,0,11,1,0,25,81388,15,9,0,8,0,7,0,26,0,0,9,0,0,0,0,0,0,0,0,0,0,0,0,0,0,8,0,0,0,0,0,10,0,0,4,0,0,4,0,0,0,15,0,0,0,0,0,3,1,0,0,0,11,7,0,0,3,0
132,AAT,3,4,17,81508,12,0,9,0,0,0,0,8,0,0,15,0,2,0,6,0,4,0,0,0,0,0,0,8,0,0,0,0,0,0,0,11,0,0,7,0,0,0,0,0,0,0,0,0,0,0,0,0,0,0,13,0,0,0,0,0,0,1,0,0
133,GTC,0,0,0,0,0,0,0,0,0,0,0,0,9,24,0,0,0,0,0,0,11,0,0,6,8,0,4,0,5,0,0,0,0,0,0,0,0,4,0,0,0,0,0,0,21,81452,0,5,0,0,0,0,0,0,0,0,0,0,0,0,0,8,0,4
134,ACC,0,4,0,0,10,81341,8,3,4,16,0,9,0,16,0,16,0,0,0,0,0,0,0,0,0,6,0,6,0,0,5,0,0,0,0,0,6,14,12,0,0,0,0,0,0,0,0,0,0,6,0,0,0,12,0,0,0,0,2,0,9,4,0,0
135,AAT,6,7,0,81420,0,0,6,0,0,0,0,1,0,0,0,4,4,0,0,23,5,2,0,0,0,4,0,0,11,0,0,4,0,0,0,0,6,13,0,0,0,0,0,0,0,0,3,0,0,0,0,5,0,0,0,0,0,0,0,0,6,0,0,6
136,AAT,18,18,0,81501,0,2,0,7,0,0,0,0,0,0,0,6,0,0,0,0,0,0,0,0,0,0,0,0,0,0,0,10,0,0,0,5,0,0,0,0,0,0,0,0,0,0,0,0,0,0,0,0,0,0,0,14,0,0,0,0,0,0,3,0
137,ATC,6,33,0,0,0,1,5,0,0,0,0,0,35,81352,0,34,9,0,0,0,0,0,0,0,0,2,0,6,0,0,0,5,0,0,0,0,0,0,0,0,0,4,10,5,0,23,5,0,0,0,0,0,0,0,0,0,0,0,0,6,0,0,0,0
138,ACT,0,0,0,38,3,8,0,81413,0,0,0,0,0,0,0,9,0,0,0,0,0,0,0,0,0,0,4,0,0,0,0,0,0,0,0,0,0,0,0,5,0,12,0,3,7,0,0,0,0,0,0,13,0,0,0,5,0,0,0,0,0,0,0,0
139,GAT,0,0,0,31,0,0,0,0,9,0,0,0,12,0,0,0,0,0,0,0,0,0,4,0,0,0,4,0,0,0,7,12,0,4,5,81388,0,0,9,0,0,0,0,5,0,0,0,0,0,0,0,6,0,14,0,0,0,0,0,0,2,4,3,3
140,GAC,8,27,0,4,0,4,0,0,7,0,0,6,0,11,0,2,0,0,0,0,1,5,0,0,10,0,0,5,3,8,0,0,18,81249,4,29,0,0,0,7,0,42,2,6,0,0,0,0,0,10,0,0,1,0,0,0,0,0,4,0,2,0,0,0
141,ATG,0,0,16,0,0,9,8,0,15,0,0,0,37,0,81408,5,0,0,10,0,0,0,0,1,0,0,0,0,0,0,0,0,0,8,0,0,0,1,0,0,8,0,0,0,0,0,9,0,0,0,0,0,0,0,0,0,0,0,0,0,7,0,0,0
142,AGG,0,0,44,0,0,0,1,0,19,0,81381,20,0,3,4,6,5,0,0,0,0,0,0,0,0,0,0,0,0,2,0,10,0,5,0,2,0,0,0,0,0,0,22,0,0,0,6,0,0,0,0,0,0,0,0,0,0,0,0,0,6,0,0,0
143,GGA,16,0,11,0,0,0,0,4,52,12,0,0,0,0,0,0,6,0,0,0,0,0,12,0,15,0,0,0,0,0,0,12,5,0,0,0,9,0,0,6,81266,0,61,6,5,0,10,0,0,0,0,0,0,0,0,0,6,0,0,0,0,0,0,0
144,GAA,18,0,0,0,0,0,0,0,0,0,0,0,0,0,0,0,6,0,7,0,0,0,0,0,0,0,0,0,0,0,7,0,81486,0,0,3,0,0,5,0,0,0,0,0,0,0,0,0,0,15,0,0,0,0,0,0,0,0,0,0,0,0,0,0
145,TTA,0,0,0,0,0,0,0,0,0,0,8,0,0,0,0,0,0,0,0,7,0,0,0,0,0,0,0,0,0,0,0,2,0,0,0,0,0,0,0,0,0,0,0,0,0,0,9,0,1,0,0,0,6,0,0,0,0,0,0,0,81519,0,33,3
146,AAA,81422,0,0,4,5,0,0,0,11,3,0,0,0,0,0,0,0,0,0,0,0,0,0,0,0,0,0,0,0,0,12,0,1,0,0,0,0,0,0,0,0,0,0,0,0,0,0,0,3,0,0,6,0,0,0,0,0,0,0,0,0,4,0,0
147,AAC,6,81496,0,0,0,0,0,0,0,4,0,0,0,0,0,3,11,0,0,0,0,0,0,0,0,0,0,0,0,0,0,0,0,0,0,0,0,0,0,0,0,0,0,0,0,0,0,0,0,0,0,0,0,0,0,0,0,0,0,0,0,0,0,0
148,TGC,0,0,0,0,0,0,0,0,0,0,0,0,0,0,0,0,0,0,0,0,0,0,0,0,0,2,0,0,0,0,0,0,0,0,0,0,0,0,0,0,1,0,0,0,0,0,0,0,0,44,0,0,0,0,0,0,3,81464,0,20,0,2,0,0
149,TCT,0,0,0,0,0,9,9,0,0,0,0,0,0,0,0,0,0,0,0,0,0,0,0,0,0,0,0,0,0,0,0,5,0,0,0,0,0,0,0,0,0,0,0,0,0,0,0,0,0,0,0,1,0,1,2,81539,0,0,0,6,0,0,0,0
150,TTC,0,0,0,0,0,0,0,10,0,0,0,0,0,0,0,0,0,0,0,0,0,0,0,0,0,0,0,0,0,2,0,0,0,0,0,0,0,0,0,0,0,0,0,0,0,0,0,0,0,11,0,0,0,3,0,0,0,0,0,0,5,81425,6,30
151,AAT,4,11,0,81422,0,0,0,5,0,0,0,1,0,0,0,19,0,0,0,0,0,0,0,0,0,0,0,0,0,14,0,0,0,13,0,10,0,0,0,0,0,0,0,0,5,0,0,0,0,0,0,1,0,0,2,0,0,0,0,0,0,0,5,0
152,ATG,0,0,1,0,0,0,0,0,0,7,0,6,14,0,81471,13,0,0,0,0,0,0,0,0,0,0,0,0,0,0,6,0,0,0,0,0,0,0,0,0,0,0,0,0,0,0,26,0,0,0,0,0,0,0,0,0,0,0,0,0,0,4,9,0
153,ACC,0,0,0,0,26,81416,0,2,0,5,0,6,0,1,0,0,4,0,0,0,0,3,0,0,0,5,0,0,8,0,0,0,0,0,0,0,0,7,0,0,0,0,0,7,0,0,0,0,0,0,0,0,0,0,0,0,0,0,0,0,0,0,0,0
154,ACA,0,0,0,0,81344,2,85,12,0,0,0,0,5,0,0,0,0,0,0,0,0,0,0,0,0,0,0,0,0,0,0,0,0,0,0,0,0,0,0,0,0,0,0,0,0,0,0,0,0,0,0,0,0,0,0,0,0,0,2,0,0,0,0,0
155,GAG,0,0,8,0,0,0,0,0,0,0,0,0,0,3,8,0,12,0,1,0,0,0,0,0,0,0,0,0,6,0,0,0,40,11,81259,0,0,0,0,0,0,0,0,0,0,0,1,0,0,0,9,8,0,0,0,0,0,0,0,0,0,0,0,4
156,CTA,0,0,0,0,13,0,0,0,0,0,0,0,0,0,0,0,0,0,0,0,1,0,0,0,8,11,0,0,81471,8,8,0,0,0,0,0,0,0,0,0,0,0,0,0,0,0,0,0,0,0,0,0,0,0,0,0,0,0,0,0,15,0,0,0
157,AGG,11,0,19,0,0,0,0,0,10,0,81153,9,6,0,45,0,0,0,0,0,0,0,0,0,6,0,5,0,0,0,0,0,0,0,0,0,0,7,19,0,0,0,26,0,0,0,0,10,0,0,0,0,4,2,0,0,0,0,10,10,0,0,0,0
158,GAT,0,0,0,15,0,0,0,0,0,0,0,0,0,0,0,0,0,0,0,0,0,0,0,0,0,0,0,0,0,0,0,0,0,2,2,81395,0,0,0,0,0,0,0,0,0,0,0,1,0,0,0,0,0,0,0,0,0,0,0,0,0,0,0,0
159,AAG,12,0,81236,1,0,0,8,0,8,0,50,0,0,0,2,0,8,0,0,0,0,0,0,0,0,5,9,0,0,3,0,0,0,0,26,0,0,0,0,0,0,0,0,0,0,0,0,0,0,0,2,0,0,0,0,0,0,0,0,0,0,0,0,0
160,AAA,81434,0,0,0,0,13,0,11,0,16,0,5,0,0,0,0,0,8,0,5,0,4,0,0,0,0,0,0,0,0,0,0,0,7,0,0,0,0,0,0,2,0,0,0,0,0,0,0,0,3,0,0,0,1,4,7,0,0,6,0,0,0,0,0
161,CAG,0,0,7,0,4,0,0,0,0,0,0,0,0,0,0,0,20,0,81257,10,0,0,0,0,1,4,4,0,0,4,0,0,0,0,0,0,0,4,0,0,0,0,0,0,0,0,0,0,0,0,3,0,7,0,0,0,0,0,0,0,0,0,0,0
162,AAG,18,0,81392,6,0,13,21,0,0,2,4,0,13,7,1,0,0,0,0,0,0,0,0,0,0,0,4,0,9,8,6,0,0,0,13,0,0,0,0,0,0,0,0,0,4,0,0,4,0,0,1,0,4,0,0,0,0,0,0,0,0,0,4,0
163,GTT,0,0,0,0,0,0,0,9,0,0,0,4,0,0,0,5,0,0,0,0,0,0,0,0,0,0,5,0,0,0,0,0,4,0,0,6,0,0,0,1,0,3,0,0,3,1,0,81149,0,0,0,0,0,0,0,0,0,0,0,0,0,0,0,13
164,TAT,0,0,0,0,0,0,0,0,0,0,0,0,4,0,0,0,0,0,0,0,0,0,0,0,0,0,0,0,0,0,0,0,0,0,0,0,0,0,0,7,0,0,0,0,0,7,5,0,0,2,0,81397,0,0,0,3,3,0,0,0,0,6,0,1
165,TCA,0,5,0,0,0,9,0,0,0,0,0,0,0,0,0,0,0,0,0,0,1,0,0,0,0,0,0,0,0,0,0,0,0,0,0,0,2,8,11,0,0,0,0,0,0,6,0,9,1,0,0,0,81318,14,12,3,0,0,0,0,0,0,0,0
166,CTT,0,0,0,0,0,0,0,0,0,0,0,0,0,0,0,10,0,0,0,0,0,0,0,121,0,0,0,0,7,3,0,81283,0,0,0,0,0,0,0,0,0,0,0,0,0,0,0,0,0,0,0,0,0,0,0,0,0,0,0,0,0,0,0,14
167,TTT,0,0,0,0,0,0,0,0,0,0,0,0,0,0,0,6,0,0,0,0,0,0,0,0,0,0,0,0,0,0,0,6,0,0,0,0,0,0,0,0,0,0,0,0,0,0,0,0,0,0,0,7,0,0,0,0,0,0,0,1,0,0,1,81380
168,TAT,0,0,0,0,0,0,0,0,0,0,0,0,0,0,0,0,10,0,0,7,0,0,0,0,0,0,0,0,0,0,0,0,0,0,0,0,0,0,0,0,0,0,0,0,0,0,0,0,0,12,0,81422,0,0,0,0,0,0,0,8,0,0,0,0
169,AGA,15,0,0,0,0,0,0,0,79448,0,0,0,18,0,7,0,0,0,0,0,0,0,0,0,0,0,0,0,1,0,0,0,0,0,0,0,0,0,0,0,9,0,0,0,0,0,0,0,0,0,0,0,0,18,6,4,0,0,0,0,0,0,0,3
170,CTA,0,0,0,0,0,0,0,0,0,0,0,0,6,0,0,14,0,0,0,0,1,0,6,0,0,0,0,0,81183,0,18,0,0,0,0,0,0,0,0,0,0,0,0,0,0,0,0,0,0,0,0,0,0,0,0,0,0,0,0,0,6,0,0,0
171,GAT,0,0,0,12,0,0,0,0,0,0,0,0,0,0,0,0,0,0,0,0,0,0,0,0,0,0,0,0,0,0,0,0,0,7,0,80433,0,0,0,0,0,0,0,0,0,0,0,0,0,0,0,6,0,0,0,0,0,0,0,0,0,0,0,0
172,GTA,0,0,0,0,0,0,0,0,0,0,0,0,41,0,0,0,0,0,0,0,0,0,0,0,0,0,0,0,18,3,0,0,0,0,0,0,1,0,0,0,0,0,0,0,80563,0,16,8,0,0,0,0,0,0,0,0,0,0,0,0,15,0,0,0
173,GTA,0,0,0,0,0,9,0,0,0,0,0,0,8,3,0,0,5,0,0,0,0,0,0,0,0,0,0,0,0,0,0,0,0,0,0,0,0,0,0,0,0,0,0,0,81087,0,9,8,0,0,0,0,0,0,0,0,0,0,0,0,14,0,0,0
174,CAA,0,0,0,0,0,0,0,0,0,0,0,0,0,0,0,0,81324,0,2,0,0,0,0,0,14,0,0,0,9,0,0,0,0,0,0,0,0,0,0,0,0,0,0,0,0,0,0,0,21,0,0,0,0,0,0,0,0,0,0,0,0,0,0,0
175,ATT,0,0,9,0,0,0,0,0,0,0,0,0,19,0,0,81287,0,0,0,0,0,0,0,0,0,0,0,0,6,0,0,0,0,0,0,0,0,0,0,0,0,0,0,0,0,1,0,4,0,0,0,0,0,0,0,0,0,0,0,0,0,0,0,0
176,AAC,25,80593,10,46,0,0,0,3,7,17,0,0,0,0,0,0,0,0,0,0,0,2,0,0,0,0,0,0,3,0,5,0,0,11,0,0,0,1,0,6,15,0,0,0,0,11,0,0,0,0,0,0,0,6,6,0,0,0,0,0,3,7,0,0
177,GAG,8,0,6,5,0,1,3,0,0,0,0,0,0,22,7,0,5,0,0,0,1,4,0,4,0,0,0,14,0,0,0,0,39,14,80039,19,6,10,0,0,6,0,18,0,0,5,11,0,0,0,2,0,8,0,0,0,0,0,0,0,0,0,0,0
178,AAT,0,6,0,81075,0,9,6,0,0,4,3,11,0,0,0,0,0,0,18,12,0,3,0,9,0,0,0,0,0,0,0,0,0,0,9,0,0,0,0,0,0,0,0,0,0,0,0,0,0,0,0,0,0,3,0,0,0,0,0,0,0,0,0,0
179,CAA,14,0,0,0,0,0,0,0,14,5,0,0,0,0,0,9,81399,0,30,6,4,0,0,0,46,9,0,0,0,0,0,0,8,0,0,0,0,0,0,0,6,0,0,10,0,0,0,0,0,0,0,0,0,0,0,0,0,0,0,0,6,0,0,0
180,GGT,0,12,0,0,0,0,0,0,0,0,0,41,0,0,0,0,7,0,0,0,0,0,0,0,0,2,0,14,0,0,8,0,0,1,0,45,0,0,0,8,5,10,0,81350,6,2,10,12,0,0,0,0,0,0,0,0,0,0,2,16,0,0,0,0
181,AAT,3,0,5,80985,8,0,0,0,0,0,6,1,0,0,0,8,17,13,0,0,0,7,0,0,0,0,0,0,0,0,0,0,0,0,2,2,0,0,0,0,0,0,0,0,0,0,0,0,3,0,0,0,0,0,0,0,0,0,0,0,8,3,0,0
182,AGG,0,0,29,0,0,0,0,0,10,0,80922,4,1,6,14,6,7,0,0,6,0,0,0,0,0,0,0,0,0,0,0,0,0,0,0,0,0,0,0,0,0,0,44,11,0,0,0,0,0,0,3,1,0,10,0,12,0,13,2,0,0,0,0,0
183,AGT,0,0,10,56,0,0,0,7,15,10,0,80930,0,0,0,37,0,0,11,0,0,0,7,0,0,0,0,0,0,0,0,0,8,3,0,0,0,0,0,0,0,0,0,12,0,0,0,0,0,0,0,0,0,7,0,0,0,0,0,1,0,0,0,5
184,AAT,9,0,0,81019,9,0,24,0,0,0,0,5,18,0,0,8,0,0,6,0,0,0,0,0,0,0,9,0,0,0,0,0,0,0,0,10,0,0,0,0,7,0,0,0,0,10,0,0,0,0,0,0,0,0,0,0,0,6,0,10,0,0,0,0
185,AAT,31,1,19,80992,0,5,0,0,0,0,0,1,0,0,0,0,0,3,8,0,0,0,6,0,0,0,0,0,0,5,0,6,0,0,0,8,0,0,0,0,0,6,0,0,0,0,0,0,0,4,0,12,0,0,0,0,0,0,0,0,0,0,8,0
186,AGT,0,3,0,30,0,0,0,0,0,10,6,80902,0,0,0,22,0,0,0,5,6,0,0,0,0,0,4,0,0,0,0,0,6,0,0,0,0,0,0,0,0,0,0,28,0,10,0,0,0,5,0,0,0,0,0,0,0,6,0,1,0,0,0,0
187,AAC,34,80661,0,10,8,14,0,1,0,1,6,0,4,7,0,0,0,0,0,0,0,0,0,0,0,0,0,0,0,0,0,0,0,1,12,0,0,0,4,0,0,0,0,0,0,0,0,0,0,3,0,7,0,0,0,0,0,0,0,7,0,0,0,0
188,AAG,10,13,81089,2,0,0,0,0,0,0,27,6,0,0,0,0,0,0,6,0,0,6,0,13,0,0,0,0,0,0,0,0,0,0,17,0,0,0,0,0,0,0,0,0,5,0,8,0,0,0,0,0,0,0,0,0,0,0,0,0,0,0,0,0
189,GAG,0,0,7,4,0,0,0,0,0,0,0,0,0,0,12,0,0,5,5,0,3,0,0,5,12,0,0,0,0,0,0,0,35,0,81154,23,0,0,0,0,0,0,0,0,0,0,0,0,0,0,0,0,0,0,0,4,0,0,11,0,0,0,0,0
190,TAT,2,0,0,0,0,0,0,0,0,0,0,0,0,0,0,0,0,0,0,0,0,0,0,0,0,0,0,0,0,0,0,0,0,0,0,0,0,0,0,0,0,0,0,0,0,0,0,0,2,0,0,81308,0,8,0,0,0,0,0,1,0,0,0,3
191,AGA,1,0,0,0,0,0,0,0,81310,3,1,0,9,0,0,0,0,0,0,0,0,0,0,0,10,0,0,17,0,0,0,0,0,0,0,0,0,0,0,0,14,0,0,0,0,0,0,0,0,0,0,4,0,0,0,0,0,0,0,0,0,0,0,6
192,TTA,0,0,0,0,0,0,0,0,0,0,0,0,3,6,0,0,0,0,0,0,0,0,0,0,0,9,0,0,13,0,0,0,0,0,7,0,3,0,0,0,0,0,0,0,0,0,0,0,0,0,0,0,2,0,0,0,0,0,0,0,81291,0,5,6
193,ATA,5,0,0,10,17,0,0,0,0,0,2,0,81139,0,4,0,9,0,0,0,0,0,0,0,0,0,9,0,0,11,0,0,0,0,0,11,0,0,0,0,0,0,0,0,12,0,0,0,0,0,0,0,0,0,0,0,0,0,0,0,1,0,0,0
194,AAT,23,1,0,80986,0,0,0,6,8,0,0,0,0,0,0,0,0,0,0,12,0,9,0,0,0,8,0,0,0,0,0,0,0,10,0,0,0,0,0,0,5,0,0,0,0,0,0,0,0,0,0,0,5,0,0,0,0,0,0,0,0,0,0,0
195,TGT,0,0,0,0,0,0,0,0,0,0,0,3,0,0,0,0,0,0,0,0,0,0,0,0,0,0,0,0,0,0,0,0,0,0,0,0,0,0,0,0,0,0,0,0,0,0,0,0,0,0,0,3,4,0,5,8,0,36,0,81270,0,0,0,1
196,AAT,2,6,5,80985,0,7,0,0,0,0,0,2,0,0,0,0,0,7,0,0,0,0,0,0,0,12,0,0,0,0,5,0,0,0,0,8,0,0,0,0,0,0,0,0,0,0,0,0,0,2,0,0,14,7,0,0,0,0,0,0,0,0,0,0
197,ACC,0,17,0,0,12,80736,0,24,2,0,0,9,0,20,0,0,0,0,0,0,0,0,0,0,0,0,0,0,0,0,0,0,0,0,0,5,6,6,0,5,0,0,0,0,0,0,0,12,0,0,0,0,0,4,0,0,0,0,0,0,0,0,0,0
198,TCA,0,0,0,0,2,0,0,0,0,0,0,18,0,0,9,0,0,0,0,0,25,0,0,0,0,0,0,0,0,0,0,0,0,0,0,0,2,0,0,0,0,0,0,7,0,0,0,0,5,0,0,0,80970,9,45,0,0,0,0,0,0,0,0,0
199,GCC,0,0,0,0,22,39,0,0,0,0,0,0,0,0,0,11,0,2,3,0,0,0,0,0,0,0,0,0,0,0,0,0,0,0,0,0,1,81265,0,0,0,9,0,0,0,16,0,0,0,0,0,0,5,23,0,0,0,0,0,0,0,0,0,0
200,ATT,0,0,0,0,0,0,0,21,0,4,0,1,0,20,0,81413,0,0,0,0,0,0,0,0,0,0,0,0,0,0,5,0,0,0,0,0,6,3,0,13,0,0,0,0,8,0,0,0,0,0,0,0,0,0,0,0,0,0,0,0,0,0,0,0
201,ACA,5,0,0,0,81163,11,0,0,0,0,0,0,10,0,0,0,0,0,0,0,15,0,0,0,0,0,0,0,0,0,0,0,0,0,0,0,2,0,0,0,0,0,0,0,0,0,0,0,0,0,0,0,0,0,0,0,0,0,0,0,5,0,0,0
202,CAG,0,0,0,0,0,0,0,0,0,0,0,0,0,0,0,0,22,0,81078,4,0,0,4,0,0,0,22,0,0,0,9,0,0,0,0,0,0,0,0,0,0,0,0,0,0,0,0,0,0,0,13,0,0,2,0,0,0,0,0,0,0,0,0,0
203,GCT,0,6,0,0,0,5,0,52,0,8,0,0,0,0,0,4,0,0,3,0,0,0,0,0,0,0,0,0,0,0,0,0,0,0,2,1,20,6,0,81202,0,0,0,0,0,0,0,8,0,0,0,0,0,0,0,2,0,4,0,0,0,0,0,0
204,TGT,0,0,0,0,0,0,0,0,0,0,0,10,0,0,0,0,0,0,0,0,0,0,0,0,0,0,0,6,0,0,0,0,0,0,0,0,0,0,0,0,0,0,0,0,0,0,0,0,0,0,0,23,0,0,0,0,0,28,3,81157,0,0,0,1
205,CCA,0,20,0,0,0,0,0,0,0,0,0,0,0,0,4,0,8,6,0,0,81319,20,5,3,0,0,0,0,9,0,0,10,0,0,0,0,0,0,0,0,0,0,0,0,0,0,13,0,0,5,0,0,0,2,0,0,0,0,0,0,0,0,0,14
206,AAG,15,0,81091,12,0,0,0,0,0,0,15,0,0,0,2,0,0,0,0,0,0,0,13,0,3,24,13,0,0,0,7,0,0,0,3,0,5,7,12,0,0,0,0,0,0,1,0,6,0,0,0,0,2,0,0,0,0,0,0,0,21,0,0,0
207,GTA,6,0,0,0,0,0,0,0,0,0,0,0,68,0,12,0,0,5,0,0,0,0,0,0,0,0,0,0,0,0,0,4,0,0,0,0,7,8,0,0,0,0,0,0,81306,0,2,0,0,0,0,0,2,0,11,0,0,0,0,0,4,0,3,6
208,TCC,0,0,11,0,7,0,0,0,0,0,10,0,0,0,0,0,0,0,0,6,0,12,0,0,0,0,0,0,0,0,0,0,0,0,9,0,0,0,4,0,9,0,0,0,0,0,0,0,0,0,0,0,21,81257,0,9,0,0,0,0,0,0,0,0
209,TTT,0,0,0,0,0,0,2,0,0,0,0,0,3,0,15,1,1,0,0,0,0,5,0,0,0,0,0,0,0,6,3,55,0,0,0,0,4,0,0,0,0,0,0,0,0,4,0,4,0,0,0,0,0,0,0,4,0,0,0,0,0,23,2,81267
210,GAG,0,0,1,15,0,0,0,7,0,0,4,0,0,0,0,0,5,0,3,0,0,0,0,0,0,0,0,0,0,0,0,0,37,0,81275,1,0,0,0,4,0,0,10,0,6,0,0,11,0,0,0,0,0,0,0,4,0,0,0,0,0,0,0,0
211,CCA,0,0,0,0,0,0,0,0,0,0,0,0,0,0,0,0,2,0,0,0,81138,0,1,9,0,0,0,0,8,0,0,0,0,0,0,0,0,0,0,0,1,0,0,0,0,0,0,0,0,0,0,0,124,0,0,0,0,0,0,0,0,0,0,0
212,ATT,0,0,0,0,0,0,0,3,0,0,0,0,6,5,0,81367,0,0,0,0,3,0,0,0,0,0,0,0,0,0,0,0,0,0,0,0,0,0,0,0,0,0,0,0,8,0,0,0,0,0,0,0,0,0,0,0,0,0,0,0,0,0,0,0
213,CCC,0,0,0,0,0,1,0,0,0,0,0,0,0,0,6,0,7,3,0,0,25,81303,0,4,0,0,0,0,0,11,0,0,4,0,0,0,5,0,4,9,3,0,0,6,0,0,0,15,0,0,0,0,12,17,0,0,0,0,0,0,9,0,0,10
214,ATA,8,0,0,0,8,0,0,0,0,0,0,0,81356,4,14,4,0,0,0,0,0,0,0,0,0,0,0,0,0,0,5,0,0,0,0,0,0,0,6,0,0,0,0,0,2,14,3,0,0,0,0,0,0,0,0,0,0,0,0,0,0,0,0,10
215,CAT,0,0,0,30,1,9,0,3,0,0,0,0,0,0,0,0,5,3,0,81125,0,0,0,0,0,0,0,0,0,5,0,6,0,0,0,0,0,0,0,0,0,2,0,0,4,0,0,6,0,5,0,22,0,0,0,0,0,11,0,0,0,7,0,0
216,TAT,0,0,0,0,0,0,0,0,0,0,0,0,0,0,0,2,0,0,0,1,0,0,0,0,0,0,0,0,0,12,0,2,0,0,0,0,6,0,3,0,0,0,0,0,0,0,0,0,6,8,1,81292,0,0,4,0,0,0,0,3,0,0,6,0
217,TGT,0,0,0,0,0,0,0,0,0,3,0,3,0,0,0,0,0,0,0,0,0,0,0,0,0,0,0,3,0,0,0,0,0,0,0,0,0,0,0,0,0,0,0,0,0,0,0,0,0,0,0,17,0,0,0,0,7,0,0,81249,0,0,0,0
218,GCC,0,0,0,0,0,81,4,7,0,0,0,0,0,0,0,0,0,0,0,0,2,11,0,0,0,0,0,0,0,0,0,0,0,0,0,0,6,81202,0,20,0,0,0,0,7,40,9,0,0,0,0,0,0,0,0,0,0,4,0,0,0,0,0,0
219,CCA,0,11,0,0,8,0,0,0,0,0,0,0,0,0,0,0,1,0,0,0,81348,8,2,7,0,0,0,0,11,0,0,0,0,0,0,0,0,0,0,0,0,0,0,0,4,0,0,3,0,0,4,0,1,0,0,0,0,0,0,0,0,0,0,0
220,GCT,0,0,0,0,0,15,3,93,0,11,0,0,0,0,0,0,0,0,0,12,7,8,0,4,0,0,0,9,0,0,0,0,0,0,0,0,5,4,1,81198,5,0,11,1,0,0,0,19,0,0,0,0,6,0,9,13,0,0,0,0,0,0,0,0
221,GGT,0,0,0,0,0,0,0,0,0,0,0,7,0,0,0,0,0,6,0,0,10,9,0,3,0,0,0,0,0,0,0,0,0,0,0,13,0,0,0,0,0,3,33,81312,0,0,0,4,0,0,0,0,0,5,0,0,0,0,0,1,0,0,0,0
222,TTT,0,0,0,0,0,0,0,0,0,0,0,0,0,0,0,2,0,0,0,0,0,0,0,0,0,0,0,0,0,0,0,34,0,0,0,0,4,0,0,0,6,0,0,0,0,0,0,0,0,0,0,0,0,0,0,0,0,0,20,7,0,15,1,142072
223,GCG,0,0,0,0,0,0,8,0,0,0,0,0,0,4,0,0,0,0,11,0,0,0,0,0,0,0,0,0,0,5,0,0,4,0,0,0,30,3,60506,3,1,4,0,8,0,0,95,1,0,0,0,0,6,0,7,0,6,0,0,0,0,0,0,0
224,ATC,0,0,0,0,0,1,0,0,0,0,0,0,0,60654,0,9,0,0,0,0,0,0,0,0,0,0,0,0,5,0,0,0,0,0,0,0,0,0,0,3,0,0,0,0,0,0,2,0,0,0,0,0,0,0,0,0,0,0,0,0,2,0,0,0
225,CTA,0,0,0,0,0,0,0,0,0,0,0,0,14,0,0,3,0,0,0,0,4,0,0,0,0,0,0,0,60660,0,12,0,0,0,0,0,0,0,0,0,0,0,0,0,0,1,0,0,0,0,0,0,0,0,0,0,0,0,0,0,2,0,0,0
226,AAG,21,6,60570,11,1,5,0,0,0,2,37,0,0,0,14,0,0,0,8,0,0,0,0,0,7,0,2,0,9,3,0,0,0,0,9,0,0,0,0,0,0,0,0,0,0,1,0,0,0,0,0,2,5,0,0,0,0,0,0,0,6,0,0,0
227,TGT,0,0,0,0,0,0,0,0,0,0,0,0,0,0,0,0,0,0,0,0,0,0,0,0,0,0,0,0,0,0,0,0,0,0,0,0,0,0,0,0,0,0,0,0,0,0,0,0,0,0,0,5,0,0,0,0,0,3,0,60690,0,0,0,0
228,AAG,13,0,60530,1,2,0,12,4,0,2,43,0,0,0,5,0,5,0,0,0,0,0,0,0,0,2,6,0,0,0,0,8,0,6,6,0,0,14,0,3,7,0,0,0,0,0,0,0,0,0,0,0,0,0,0,5,0,0,0,3,0,0,1,0
229,GAT,0,0,0,1,6,0,0,5,0,0,0,0,0,0,6,0,0,0,0,3,0,0,0,0,0,0,0,0,0,0,0,0,0,3,6,60652,0,11,0,0,0,0,0,6,4,0,0,0,0,0,0,12,0,0,0,0,0,0,3,0,0,0,0,0
230,AAG,11,4,60651,0,0,0,0,0,0,0,18,0,5,0,4,0,0,0,0,0,0,0,0,0,0,0,3,0,0,0,0,0,7,0,10,0,0,0,0,0,5,0,0,0,0,0,0,0,0,0,0,0,3,0,4,0,0,0,0,0,0,0,0,0
231,AAG,14,0,60587,9,0,0,0,1,1,0,0,13,10,0,0,0,5,0,0,1,0,0,6,7,0,0,3,0,4,0,0,9,0,0,1,3,0,0,0,0,0,0,0,1,0,0,0,0,0,0,0,5,0,0,0,0,0,11,0,0,0,0,0,0
232,TTC,0,0,0,0,0,0,0,0,0,0,0,0,0,0,0,0,0,0,0,0,0,0,0,0,0,0,0,0,0,0,0,0,0,0,0,0,0,0,0,0,0,0,0,0,0,0,0,0,0,7,0,0,0,0,7,0,0,0,0,0,0,60595,0,1
233,AAT,0,22,0,60544,0,0,0,5,0,6,7,26,0,0,0,0,3,0,4,6,6,0,0,2,2,0,0,7,0,0,0,0,0,0,0,11,0,0,0,0,0,0,0,0,0,0,0,12,0,3,0,26,0,0,0,0,0,0,8,0,0,0,0,0
234,GGA,0,0,0,0,0,0,0,0,7,0,0,0,0,0,0,0,0,0,0,0,0,0,0,0,0,0,0,0,0,0,0,0,0,0,0,0,0,0,0,0,60697,0,12,0,1,0,0,0,0,0,0,0,0,0,0,0,0,0,0,0,0,4,0,0
235,ACA,0,0,0,6,60553,1,42,4,0,0,0,0,29,0,1,0,0,0,0,0,0,0,0,0,0,0,0,9,0,0,0,0,0,0,0,0,5,0,0,7,0,0,0,0,0,2,0,0,0,2,0,0,11,0,0,0,0,0,0,0,0,0,0,0
236,GGG,0,0,0,0,0,0,0,0,0,0,11,0,0,0,0,0,0,0,0,0,0,0,0,0,0,0,0,0,0,0,0,0,0,0,25,0,0,0,0,0,52,10,60603,3,0,0,0,0,0,0,0,0,0,0,0,0,0,0,5,0,0,0,0,0
237,CCA,0,3,0,0,1,2,0,0,0,0,0,0,6,0,0,0,6,0,0,0,60610,0,18,0,0,0,3,0,10,3,0,0,0,5,4,1,0,3,0,0,0,2,0,0,0,6,0,3,0,0,0,0,37,0,0,0,0,0,0,0,0,0,0,0
238,TGC,0,0,0,0,0,0,0,0,0,0,0,0,0,0,0,0,0,0,0,0,0,0,0,0,0,5,0,0,0,0,0,0,0,0,0,0,0,0,0,0,0,0,0,0,0,0,0,0,0,30,0,0,0,0,0,0,0,60637,0,51,0,0,0,0
239,CCA,0,0,0,0,14,0,9,0,0,0,0,0,0,3,0,0,48,0,0,0,60528,0,4,4,2,2,5,6,7,4,0,0,6,4,5,6,3,0,0,0,0,0,0,0,3,0,3,0,0,1,0,0,26,8,0,5,0,0,0,0,2,13,9,2
240,AGT,0,11,0,24,0,0,0,0,0,0,0,60610,0,0,0,0,0,0,0,0,0,0,1,0,0,0,3,0,0,0,0,18,4,0,5,5,9,0,0,0,0,0,0,17,0,0,0,0,0,0,0,0,0,0,5,17,0,0,0,1,0,0,0,0
241,GTC,0,0,0,0,0,0,0,0,0,0,0,0,0,33,0,6,0,0,0,0,0,0,0,0,0,0,0,0,0,4,0,1,0,0,0,0,0,2,2,0,0,0,0,0,7,60642,1,5,0,0,0,0,0,0,0,0,0,0,0,0,0,4,0,0
242,AGC,0,63,0,0,6,0,6,0,0,60496,0,17,0,6,0,0,5,11,0,5,0,0,0,0,0,5,0,0,0,0,0,0,0,0,0,0,14,4,2,4,1,23,4,0,10,0,0,0,0,5,0,0,0,0,0,0,0,0,0,0,0,4,0,3
243,ACA,4,0,0,0,60566,15,13,0,0,0,0,0,12,0,0,0,0,0,0,0,0,0,0,0,0,2,0,0,0,0,0,0,0,0,0,0,0,4,0,0,5,0,0,7,0,10,0,1,0,6,3,0,1,2,0,0,0,8,0,0,0,0,0,0
244,GTA,0,4,0,6,0,0,0,0,0,0,0,0,20,0,0,0,0,0,0,0,0,0,0,0,0,0,0,0,0,0,8,0,0,0,0,0,6,0,0,0,0,0,0,0,60643,0,15,0,0,0,0,0,5,0,0,0,0,0,0,0,5,0,0,0
245,CAA,6,0,0,0,0,0,10,5,13,0,0,0,0,0,0,3,60478,0,11,0,10,0,0,0,1,0,0,0,8,0,0,13,0,0,0,0,0,0,0,0,0,0,0,0,0,0,0,0,9,0,0,0,0,0,0,0,0,0,12,0,0,0,0,0
246,TGC,0,0,0,0,0,0,0,0,0,0,0,0,0,0,0,0,0,0,0,0,0,0,0,0,0,0,0,0,0,0,0,0,0,0,0,0,0,0,0,0,0,0,0,0,0,0,0,0,0,42,0,0,0,0,0,0,0,60584,0,41,0,0,0,0
247,ACA,0,0,0,0,60669,5,26,0,0,0,0,0,8,0,0,0,0,0,0,0,0,0,0,0,0,0,0,0,0,0,0,0,0,0,0,0,0,0,0,0,0,0,0,0,0,0,2,0,0,0,0,0,0,6,0,0,0,0,0,0,0,0,0,0
248,CAT,0,0,0,0,0,5,0,0,0,3,0,0,0,0,0,0,0,7,2,60642,0,0,0,0,0,0,1,0,0,0,0,0,0,3,0,0,0,0,0,0,0,0,0,0,0,5,0,0,0,0,0,13,0,4,0,0,0,0,0,0,0,0,0,0
249,GGA,0,0,0,0,0,0,0,0,12,0,0,5,0,0,0,0,0,9,0,0,0,4,0,0,0,0,0,0,0,0,0,0,0,0,0,0,0,0,0,0,60671,0,5,1,0,0,0,0,2,0,0,0,0,0,0,0,3,0,0,0,0,0,0,0
250,ATC,0,4,0,0,0,0,0,0,0,0,0,0,0,60664,0,26,0,0,0,0,0,0,0,0,0,0,0,0,0,0,0,0,0,0,0,0,0,0,0,0,0,0,0,0,0,6,0,0,0,0,0,0,0,0,0,0,0,0,0,0,8,0,0,0
251,AAG,13,0,60613,1,0,0,0,0,0,0,2,0,0,0,4,0,0,5,0,0,0,4,0,0,0,7,0,0,0,1,0,6,0,0,14,0,0,0,0,0,0,0,0,2,1,0,0,0,0,0,0,0,0,6,0,0,0,0,0,0,0,0,7,0
252,CCA,0,0,0,0,1,0,0,0,0,0,0,0,0,0,0,0,0,0,0,0,60660,3,1,0,0,0,0,0,2,1,0,0,0,0,0,0,0,8,0,0,1,0,6,0,0,0,0,0,0,4,0,0,15,7,0,0,0,0,0,0,0,0,0,0
253,GTA,0,0,0,0,3,4,0,2,0,4,0,8,40,0,0,12,0,0,5,5,0,0,0,0,0,0,0,0,0,0,0,0,0,0,0,0,8,1,4,10,0,3,0,0,60544,0,44,0,0,0,0,0,0,0,4,0,0,0,5,0,2,0,0,0
254,GTA,0,0,0,0,3,0,8,0,0,0,0,0,61,5,0,6,0,0,0,0,19,14,0,0,0,0,0,0,0,0,0,0,0,0,0,0,8,0,0,2,0,0,0,0,60563,0,0,5,0,3,0,0,0,0,0,0,0,0,0,0,7,0,0,0
255,TCA,0,0,0,0,7,7,0,0,0,0,0,0,0,0,0,0,0,0,0,0,3,0,0,0,0,0,4,0,0,0,0,0,0,0,0,0,0,0,0,0,0,0,0,0,0,0,0,0,1,0,0,0,60653,1,9,0,7,0,0,0,1,0,0,0
256,ACT,0,0,0,0,13,11,4,60663,0,13,0,2,0,0,0,3,0,0,0,0,0,0,0,0,0,0,0,0,0,0,0,0,0,0,0,0,0,0,0,5,0,0,0,0,0,0,3,0,0,0,0,0,0,0,6,0,0,0,0,0,0,4,0,0
257,CAA,0,0,0,0,0,0,0,0,0,0,0,0,0,0,0,0,60673,5,3,0,0,0,0,0,1,0,0,0,0,0,0,0,0,0,0,0,0,0,0,0,0,0,0,0,0,0,0,0,0,0,0,0,0,0,0,0,0,0,0,0,0,0,0,0
258,CTG,0,0,0,0,0,0,0,0,0,0,0,0,0,0,27,0,0,0,0,0,0,0,1,0,0,0,0,0,38,0,60587,11,0,0,0,0,0,0,0,0,0,0,0,0,0,0,0,0,0,0,0,0,0,0,0,0,0,0,0,0,0,0,5,0
259,CTG,0,0,0,0,0,0,0,3,0,0,0,0,4,0,3,0,2,0,0,0,0,0,7,0,0,0,0,0,8,0,60636,5,0,0,0,0,0,0,0,0,0,0,0,0,0,3,8,2,0,0,0,0,0,0,0,0,0,0,0,0,0,9,18,0
260,TTA,0,0,0,0,0,0,1,0,0,0,0,0,0,0,5,6,0,0,0,0,0,0,0,0,0,0,0,0,6,7,0,0,0,0,0,0,0,0,0,0,0,0,0,0,0,0,0,8,0,0,0,0,4,0,0,0,0,0,0,0,60582,0,11,0
261,AAT,0,0,0,60676,0,0,0,0,0,0,0,0,0,0,0,0,0,0,0,3,0,0,0,0,0,0,0,0,0,0,0,0,0,0,0,0,0,0,0,0,0,0,0,0,0,0,0,0,0,0,0,0,0,0,0,0,0,0,0,0,0,0,0,0
262,GGC,0,0,0,0,0,0,0,0,0,5,0,0,0,0,0,0,0,0,0,0,0,0,0,0,0,0,0,0,0,0,0,0,0,39,0,0,0,0,0,0,19,60504,0,58,0,1,0,0,0,0,0,0,0,5,0,0,0,0,0,0,0,0,0,0
263,AGT,0,0,0,19,0,0,0,5,0,5,0,60528,0,0,0,5,0,0,9,0,0,0,0,0,0,0,0,0,0,0,0,0,0,0,5,0,0,1,0,0,0,0,5,3,0,0,0,0,0,0,0,0,0,0,3,11,0,0,6,7,0,0,0,0
264,CTA,0,0,0,0,0,0,0,0,0,0,0,0,17,0,1,0,2,0,0,0,0,0,0,0,0,0,0,0,60643,0,5,0,0,0,0,0,0,0,0,0,0,0,0,0,0,8,0,0,5,0,0,6,0,0,0,0,0,0,0,0,0,0,3,0
265,GCA,0,0,0,0,23,0,5,2,0,3,0,0,0,0,0,0,0,7,0,0,1,0,0,0,0,0,0,0,3,0,0,0,0,0,0,0,60560,6,9,4,0,0,0,0,38,0,0,0,0,0,0,0,12,5,1,0,0,0,0,0,7,0,0,0
266,GAA,22,0,5,0,3,7,0,0,0,0,0,0,0,0,0,0,0,0,0,0,0,0,0,0,4,0,0,0,0,4,4,0,60259,0,0,0,0,4,0,0,0,0,0,0,9,5,0,0,7,0,0,0,0,0,0,6,0,0,0,0,0,0,0,0
267,GAA,14,0,0,9,0,3,0,0,0,0,7,0,3,3,0,0,0,0,0,0,0,0,0,0,0,0,0,0,0,3,0,0,60584,0,25,17,3,0,0,17,1,0,0,0,0,0,0,0,0,0,0,0,0,0,0,0,0,0,0,0,0,0,0,0
268,GAG,3,0,10,0,0,9,0,0,0,0,0,0,0,0,6,0,0,0,10,9,0,0,0,0,0,0,0,0,0,0,0,0,6,3,60395,10,3,0,6,3,0,6,19,4,6,4,0,0,0,0,0,0,0,0,0,0,0,0,0,0,0,0,0,0
269,GTA,0,0,0,0,0,4,0,10,0,2,0,0,38,0,0,0,0,5,0,0,4,0,12,0,0,0,0,0,0,0,0,0,0,0,0,0,4,0,0,0,0,0,0,0,60582,0,8,0,0,0,0,0,0,0,0,0,0,0,0,0,7,0,0,0
270,ATG,0,0,3,1,5,0,1,0,0,0,3,0,22,0,60547,17,0,5,4,0,0,0,0,0,0,0,0,8,0,0,14,0,0,0,0,0,0,0,0,0,0,0,6,0,0,0,1,4,0,0,0,0,3,0,0,1,0,0,0,0,0,0,0,0
271,ATT,0,0,0,0,0,0,0,3,0,0,0,0,7,1,0,60428,0,0,0,0,0,0,0,0,0,0,0,0,0,0,0,0,0,0,0,0,0,0,0,0,0,0,0,0,0,0,0,0,0,0,0,0,0,0,0,0,0,0,0,0,0,0,0,0
272,AGA,21,0,0,0,9,0,0,0,60534,0,0,2,21,0,0,0,0,0,0,0,0,0,0,0,1,0,0,0,0,0,0,0,0,0,0,0,0,0,0,0,8,0,2,0,0,0,0,0,0,4,0,0,0,0,0,5,1,0,0,0,0,0,0,6
273,TCT,0,0,0,0,0,0,3,8,0,0,0,6,0,0,0,0,0,0,0,0,3,0,0,0,0,0,0,0,0,0,0,0,0,0,0,0,0,0,0,0,0,0,0,1,0,6,10,0,4,0,0,18,2,58,0,60280,0,0,0,0,0,4,6,16
274,GAA,3,0,0,0,0,0,0,0,0,5,0,0,0,0,0,0,0,0,0,0,0,3,0,4,5,0,0,0,0,0,5,0,60595,8,3,0,0,0,0,0,12,0,0,0,0,0,0,0,0,0,0,4,0,8,0,0,0,0,0,0,0,0,0,0
275,AAT,0,2,0,60470,0,0,0,0,0,0,0,5,0,0,0,0,0,4,4,0,0,0,0,0,0,0,0,0,0,0,0,4,1,0,0,11,0,0,6,0,0,2,0,0,0,0,0,0,0,0,0,0,0,0,0,11,0,0,0,0,0,0,0,0
276,ATC,0,0,0,0,0,0,0,0,0,0,0,0,18,60526,0,15,0,0,0,0,0,0,0,5,0,0,0,0,0,0,0,0,0,0,0,0,0,0,0,0,0,0,0,0,0,1,0,0,0,0,0,0,0,0,0,0,0,0,0,0,0,7,3,0
277,ACA,9,0,0,0,60372,0,2,0,0,0,0,0,10,0,8,0,0,0,0,1,0,0,0,0,0,5,0,0,0,0,0,0,0,0,0,0,3,0,0,0,4,0,0,3,0,10,0,0,0,0,0,0,0,0,0,0,0,0,0,0,2,0,0,0
278,AAC,108,60012,0,11,34,0,0,0,0,3,0,0,0,0,0,0,0,0,0,0,0,0,0,0,0,0,0,0,0,0,2,0,0,6,7,0,0,0,0,0,0,0,0,0,0,0,0,0,0,0,0,0,0,0,0,0,0,0,0,0,0,0,0,0
279,AAT,6,0,0,60183,7,0,0,0,0,0,0,3,0,0,35,0,100,0,0,0,0,0,0,0,0,0,0,0,0,0,0,0,0,0,0,1,0,0,0,0,0,0,0,0,0,0,0,0,0,0,0,0,0,0,0,0,0,0,0,0,0,0,0,0
280,GCC,0,0,0,0,0,43,0,0,0,5,0,0,0,0,0,0,0,0,2,5,34,0,0,0,0,0,0,0,0,0,0,0,0,3,0,0,5,58108,0,5,2,4,0,0,0,35,0,0,0,0,0,0,0,5,0,0,0,99,0,0,0,0,0,0
281,AAA,60231,0,5,0,0,0,0,0,1,0,0,0,5,0,0,0,111,0,0,0,0,0,0,0,0,7,0,0,0,12,0,3,1,0,0,0,0,0,0,0,0,0,0,0,0,0,0,0,0,0,0,0,0,0,0,0,0,0,0,0,0,0,0,0
282,AAC,0,60080,0,7,0,0,0,0,0,6,0,0,0,0,0,0,0,0,0,0,0,0,0,0,0,0,0,0,0,0,0,0,0,0,0,0,0,0,0,0,0,0,0,0,0,0,0,0,0,0,0,0,0,0,0,0,0,0,0,0,0,0,0,0
283,ATA,0,0,0,0,1,0,0,0,0,0,0,0,60353,0,24,2,0,0,0,0,0,0,0,0,0,0,0,0,7,0,0,4,0,0,0,0,0,0,0,0,0,0,0,0,0,8,0,0,0,0,0,0,0,0,0,0,0,0,0,0,0,0,0,0
284,CTA,0,0,0,0,0,0,0,0,0,0,0,0,5,0,0,0,0,6,0,0,7,0,0,0,0,0,0,0,60273,2,14,15,0,0,0,0,3,3,0,0,0,0,0,0,12,0,0,0,0,0,5,0,0,0,0,0,0,0,17,0,31,0,0,5
285,GTA,0,0,0,0,0,1,0,0,0,0,0,0,11,1,0,0,0,0,0,0,0,13,0,0,0,0,0,0,0,0,0,0,5,0,0,0,8,16,3,0,5,0,0,0,60413,5,15,3,0,0,0,0,0,0,0,0,0,0,0,0,9,0,0,0
286,CAA,1,0,0,0,0,0,0,0,0,0,0,0,0,4,0,0,60265,8,5,3,0,0,0,0,1,0,0,0,8,0,5,0,0,0,0,0,4,0,0,0,0,0,0,0,4,0,0,0,9,0,0,0,0,0,0,0,0,0,0,0,0,0,0,0
287,TTT,0,0,0,0,0,0,0,0,0,0,0,0,0,0,0,0,0,0,0,0,0,0,0,0,0,0,0,0,0,7,0,1,0,0,0,0,0,0,0,0,0,0,0,0,0,0,0,0,0,0,0,0,0,0,0,19,0,0,0,5,10,14,0,60342
288,AAC,27,60322,12,33,8,0,0,27,0,21,0,0,0,0,0,0,5,1,0,0,0,0,0,0,0,0,0,0,0,4,0,0,0,7,0,0,0,12,0,0,0,0,0,0,2,0,0,0,0,2,0,0,0,0,0,0,0,0,0,0,0,0,0,0
289,ACG,5,0,7,0,17,4,60369,3,0,0,5,0,0,0,21,0,0,5,0,0,0,0,0,0,0,0,0,0,4,0,0,0,0,0,0,0,0,0,16,1,0,0,0,0,0,0,0,0,0,0,0,0,3,6,0,0,0,0,0,0,0,0,0,0
290,CCT,0,8,0,0,0,0,0,2,0,0,0,0,0,0,0,0,0,0,0,0,0,21,4,60339,0,0,0,3,0,0,0,8,0,0,0,0,0,0,0,0,0,0,0,0,0,0,0,0,0,0,0,0,0,0,0,6,0,0,0,0,0,0,0,0
291,GTG,0,0,0,0,0,0,0,0,0,0,0,0,5,0,14,0,0,0,0,0,0,0,0,0,0,0,0,0,0,0,8,0,0,0,0,0,0,0,3,0,0,0,0,0,85,4,60465,0,0,0,0,0,0,0,0,0,0,0,0,0,0,0,0,0
292,CAA,6,0,0,6,0,0,0,0,0,0,4,0,1,0,3,0,60571,0,0,8,0,2,0,0,3,0,1,5,0,0,0,0,0,0,0,0,6,0,6,0,0,0,0,0,0,0,0,10,32,0,0,0,0,0,0,0,0,0,0,0,0,0,0,0
293,ATT,0,0,0,0,0,0,0,3,0,0,0,0,0,0,0,60590,0,0,0,0,0,0,0,0,0,0,0,0,0,0,0,3,0,0,0,0,0,0,0,0,0,0,0,0,0,0,0,6,0,0,0,0,0,0,0,0,0,0,0,0,0,0,0,0
294,AAT,7,0,2,60571,4,0,0,0,0,1,2,8,0,10,0,0,2,14,0,0,0,0,0,0,0,0,0,0,0,0,0,0,7,0,0,17,0,6,0,3,0,0,0,7,0,0,0,12,0,0,0,3,0,5,0,0,0,3,0,0,0,0,0,6
295,TGT,0,0,0,0,0,0,0,0,0,0,0,0,1,0,0,0,0,0,0,0,0,0,0,0,0,0,0,0,0,0,0,0,0,0,0,0,0,0,0,0,0,0,0,0,0,0,0,0,0,0,0,29,0,0,0,0,0,11,0,60629,0,0,0,7
296,ACC,0,16,0,0,9,60524,0,1,0,0,0,4,0,18,0,0,0,0,0,0,0,0,0,0,0,0,0,0,4,0,0,0,0,0,0,0,4,5,0,0,0,0,0,0,5,0,0,0,0,4,0,6,0,0,0,6,0,8,0,0,0,0,0,0
297,AGA,4,0,0,0,5,0,0,0,60609,0,8,0,6,0,0,0,0,0,0,0,0,0,0,0,11,0,0,0,0,0,0,0,0,0,0,0,0,0,0,0,10,0,0,0,0,0,0,0,4,0,0,0,0,0,0,0,1,0,0,0,0,0,0,0
298,CCT,0,0,0,0,0,0,0,3,0,0,0,0,0,0,0,0,1,4,0,1,3,28,0,60150,0,0,0,0,0,0,0,6,0,0,0,0,0,0,0,5,0,0,0,0,0,0,0,0,0,0,0,0,0,0,0,4,0,0,0,0,0,0,0,0
299,AAC,0,60395,0,19,3,0,0,7,0,0,0,0,0,0,0,0,0,0,0,0,0,0,0,0,0,0,0,0,0,0,0,0,0,8,7,0,0,0,0,0,0,0,0,0,0,0,8,0,0,1,0,0,0,0,0,0,0,4,0,0,0,0,0,0
300,AAC,4,60384,0,7,0,0,0,0,0,1,2,0,0,0,0,0,0,0,0,0,0,0,0,0,0,0,0,0,0,0,0,0,0,0,0,0,0,0,0,0,0,0,0,0,0,0,0,0,0,0,0,0,0,0,0,0,0,0,0,0,0,0,0,0
301,AAT,8,0,4,60371,0,2,4,1,0,0,0,0,0,0,0,0,0,0,0,0,0,0,0,0,9,0,0,7,0,0,0,0,6,0,0,2,0,0,0,0,0,0,0,0,0,4,0,0,0,0,0,0,9,9,0,0,0,0,0,0,0,0,0,0
302,ACA,0,0,0,0,60391,7,20,9,1,0,0,0,11,0,0,0,0,0,0,7,0,0,0,0,0,0,0,0,0,0,0,0,0,0,2,0,16,0,0,0,0,0,0,4,0,0,0,0,0,0,0,0,0,0,0,5,0,0,0,0,0,0,0,0
303,AGG,0,0,21,3,0,0,0,0,8,0,60412,0,0,0,13,9,0,0,5,0,0,0,0,0,0,0,4,0,0,0,0,0,0,0,0,0,0,0,0,0,0,0,11,0,0,0,8,0,0,0,1,0,0,0,0,0,0,0,9,0,0,0,0,0
304,AAA,60494,0,16,0,0,6,0,0,6,0,3,0,4,0,0,0,0,0,0,0,0,0,0,0,0,0,0,0,0,0,0,0,0,0,0,0,1,0,0,0,0,0,0,0,0,0,0,0,0,0,0,0,0,0,0,0,0,0,0,0,0,0,0,4
305,AGT,0,0,0,29,0,4,0,0,0,21,3,60429,0,0,9,20,0,0,5,8,0,0,3,0,0,0,0,0,0,0,0,0,0,13,6,0,4,0,0,0,0,0,0,12,0,0,0,0,0,7,0,6,0,0,0,0,0,7,0,10,8,0,0,0
306,ATA,4,0,6,0,2,0,0,0,0,0,0,0,60548,0,5,4,0,0,0,0,0,0,0,0,0,0,0,0,0,0,0,6,0,0,0,0,0,5,0,0,0,0,0,0,0,0,2,0,0,5,0,10,0,0,0,0,0,0,0,0,0,0,0,0
307,CGT,0,0,0,5,0,2,0,0,0,0,0,16,5,0,8,0,2,0,0,6,0,4,0,17,4,4,0,60437,0,0,0,18,0,0,0,0,0,4,5,0,0,6,0,4,0,2,7,0,0,1,0,2,0,2,0,0,0,0,0,35,8,0,0,3
308,ATA,0,0,0,0,0,0,0,0,0,0,0,0,60572,6,14,0,0,0,0,0,0,0,0,0,0,0,0,0,0,0,0,0,0,0,0,0,0,1,0,0,0,0,0,0,1,0,0,5,0,0,0,0,0,0,0,0,0,0,0,0,0,2,3,1
309,GGA,3,0,0,0,0,0,0,0,9,9,0,0,0,0,0,0,0,1,0,0,0,0,0,0,0,4,0,0,0,0,0,0,11,0,0,0,0,0,0,0,60608,0,1,0,0,0,0,0,0,0,0,0,0,0,0,0,9,0,0,0,0,0,0,0
310,CCA,0,0,0,0,2,0,0,0,0,1,0,0,0,0,0,0,11,0,0,0,60576,4,35,3,7,0,0,0,11,0,0,0,0,0,0,0,0,0,0,0,0,0,0,0,0,0,0,0,0,3,0,0,2,0,0,0,0,0,0,0,0,0,0,0
311,GGA,0,0,0,0,0,0,0,0,2,0,0,0,0,0,0,0,0,0,0,2,0,0,0,0,0,0,0,0,0,0,0,0,9,0,0,0,1,0,0,0,60654,9,2,0,0,0,0,0,0,0,0,0,0,0,0,0,0,0,0,0,0,0,0,0
312,CAA,9,0,0,0,0,0,0,0,0,0,0,0,0,0,0,0,60602,0,9,0,0,0,0,0,3,9,0,0,3,7,0,0,0,0,0,0,0,0,10,4,0,0,0,0,0,0,0,0,7,0,0,0,0,0,0,0,0,0,0,7,0,0,0,0
313,GCA,0,0,0,6,17,2,0,2,0,6,0,0,0,0,0,0,8,7,8,0,6,0,4,0,7,0,5,0,0,0,0,0,15,1,0,0,60451,8,2,0,0,0,0,0,23,0,0,0,0,0,0,0,19,8,2,6,0,3,0,0,1,0,0,0
314,TTC,0,0,0,0,0,0,0,0,0,0,0,0,0,0,0,0,0,0,0,0,0,0,0,0,0,0,0,0,0,1,0,5,0,0,0,0,0,0,0,0,0,0,0,0,0,0,0,0,0,0,0,0,0,6,0,0,0,0,0,0,2,60597,0,2
315,TAT,0,0,0,1,0,0,3,6,0,3,0,0,4,0,0,0,0,0,0,10,0,0,0,0,0,0,0,0,0,5,1,0,0,0,0,0,0,0,0,0,0,0,4,0,7,0,5,1,0,5,0,60564,3,0,0,0,0,1,0,2,7,0,0,0
316,GCA,0,0,0,0,22,0,6,0,0,0,0,0,0,0,0,0,5,0,0,0,0,0,0,0,0,0,0,8,0,3,0,0,0,0,0,0,60543,0,16,0,5,0,1,7,24,0,0,0,0,0,0,0,1,0,0,0,0,0,0,0,5,3,0,0
317,ACA,15,7,0,1,60544,6,28,2,1,0,0,0,3,0,0,0,0,0,1,1,0,0,0,0,0,0,0,0,0,0,0,0,0,0,0,0,4,4,0,0,0,0,0,6,0,0,0,0,0,0,0,6,0,0,0,0,0,0,0,0,0,5,0,7
318,GGG,0,1,0,0,0,0,9,0,0,0,12,0,2,2,0,0,0,0,0,0,0,0,0,0,0,0,0,0,0,0,0,0,0,2,13,0,0,0,4,0,24,0,60545,0,0,0,2,0,0,0,0,0,0,0,0,0,0,0,8,0,0,0,7,0
319,GAC,0,31,4,0,4,0,0,0,4,0,4,0,0,0,1,0,0,6,0,2,0,4,0,4,0,2,0,3,0,0,0,0,7,47552,0,23,1,0,0,1,3,15,4,7,0,6,0,0,0,3,0,0,0,0,0,0,0,0,0,0,0,0,0,0
320,ATA,0,0,0,0,15,0,3,0,0,0,0,0,47562,0,2,9,0,0,0,0,2,0,0,0,0,0,0,0,0,0,1,0,0,0,0,0,0,0,0,0,0,0,0,0,1,0,3,0,2,3,0,0,0,0,0,6,0,0,0,0,4,0,0,0
321,ATA,6,5,13,0,3,0,0,4,3,0,0,3,47565,0,15,0,1,1,0,0,0,0,0,0,0,0,0,0,1,10,4,4,0,0,0,0,0,0,0,0,0,0,0,0,2,0,0,0,0,0,0,0,0,0,5,0,0,0,2,0,0,0,0,1
322,GGG,0,0,0,0,0,3,0,0,0,0,36,0,0,0,0,0,0,0,0,0,0,0,0,0,0,0,0,0,0,0,0,0,0,0,18,0,0,3,3,0,16,1,47559,2,0,0,2,0,0,0,0,0,3,0,0,5,0,0,2,0,0,0,0,0
323,GAT,8,0,0,15,0,0,0,0,0,0,5,1,0,0,0,1,0,0,0,0,0,0,5,0,4,4,0,0,0,0,3,0,4,3,0,47560,1,0,0,0,1,0,1,0,0,0,0,0,0,5,0,1,4,0,0,2,0,0,7,0,0,0,0,4
324,ATA,0,7,0,4,0,2,0,0,0,1,0,2,47450,9,33,4,0,0,0,0,9,1,0,0,0,0,0,0,0,4,0,0,0,0,0,0,0,0,0,2,0,0,0,0,16,0,4,0,0,0,0,0,4,0,0,0,0,0,0,0,0,0,0,0
325,AGA,7,0,0,0,0,0,0,0,47699,0,1,0,0,0,0,0,0,0,0,0,0,0,0,0,2,0,1,3,0,0,0,0,0,0,0,0,0,0,0,0,1,0,0,0,0,0,3,0,0,0,0,0,0,0,0,0,0,0,0,0,0,0,0,0
326,CAA,0,7,0,0,3,2,0,0,0,0,0,0,1,0,0,0,47699,0,13,0,0,2,0,0,1,0,6,4,0,0,0,0,0,0,0,0,0,0,6,0,0,4,0,0,0,0,3,0,1,0,0,0,0,0,0,2,0,0,0,1,4,0,0,0
327,GCA,0,0,0,0,27,6,0,0,0,0,0,0,0,0,0,7,0,0,0,0,0,0,0,5,0,0,0,0,0,0,0,0,1,0,0,0,47633,0,7,0,0,0,0,0,17,0,2,0,0,0,0,0,0,0,0,0,0,0,0,0,0,0,0,0
328,CAT,0,0,4,2,0,0,0,0,0,0,0,0,3,0,0,0,1,5,0,47575,0,0,0,0,0,1,0,7,0,0,0,7,0,0,0,0,3,0,0,0,0,0,0,0,0,0,0,0,0,3,0,13,0,0,0,0,0,6,0,0,0,0,0,0
329,TGT,0,0,0,0,0,0,0,0,0,0,0,0,0,0,0,0,0,0,0,0,0,0,0,0,0,0,0,1,0,0,0,0,0,0,0,0,0,0,0,0,0,0,0,1,0,0,0,0,0,0,0,13,0,0,0,0,0,10,0,47577,0,0,0,1
330,AAT,0,1,0,47673,0,0,0,0,0,2,0,1,2,0,0,0,0,0,0,0,0,0,0,0,9,6,6,0,0,0,0,0,0,0,0,3,0,0,0,0,0,0,0,0,0,0,0,0,0,0,0,0,0,0,0,7,0,0,0,0,0,0,0,0
331,GTC,0,0,0,0,0,0,0,0,0,0,0,0,0,7,0,0,0,0,0,0,0,0,0,0,0,0,0,0,0,0,0,0,0,0,0,0,0,12,0,0,0,0,0,0,1,47684,0,0,0,0,0,0,0,0,0,0,0,0,0,0,0,0,0,0
332,AGT,0,0,0,17,0,0,0,5,2,7,0,47618,5,0,0,10,0,5,0,0,0,0,0,0,0,0,5,0,0,0,0,0,0,0,0,0,0,0,0,0,0,0,0,9,0,0,0,4,0,0,0,0,12,0,0,5,0,0,0,0,0,0,0,0
333,AAA,47615,4,5,10,0,3,0,0,3,6,0,0,0,0,0,0,0,2,0,0,5,0,0,0,0,0,0,0,0,0,7,0,3,0,0,0,1,0,0,0,0,0,0,0,0,0,11,0,0,0,0,0,0,0,0,5,0,0,6,0,0,0,0,0
334,GCA,0,0,0,0,18,0,0,0,0,0,4,0,0,0,0,4,0,0,0,0,0,3,0,3,0,0,0,0,0,0,0,0,3,0,0,0,47635,3,9,3,0,6,0,0,6,0,0,0,0,0,0,0,5,0,2,0,0,0,0,4,0,0,0,0
335,ACA,8,0,0,7,47640,2,4,1,4,0,0,0,7,0,0,0,6,3,3,0,0,0,0,5,0,0,0,0,0,0,0,5,0,0,0,5,0,0,0,0,0,0,0,0,0,4,0,0,0,0,0,2,0,0,6,0,0,0,0,0,0,4,0,4
336,TGG,0,0,0,0,0,0,0,0,0,0,0,0,0,0,0,0,0,0,0,7,0,0,0,0,0,0,2,0,0,0,0,0,0,0,0,0,0,0,0,0,0,0,0,0,0,0,0,0,0,0,2,0,0,0,0,0,1,0,47645,0,0,0,2,0
337,AAT,0,10,0,47658,5,0,2,4,0,0,0,0,0,0,0,0,0,0,0,0,0,0,0,0,0,0,0,4,0,0,0,0,0,0,0,11,0,0,0,0,0,0,0,0,0,0,0,0,0,0,0,0,0,4,0,0,0,0,5,0,5,1,0,5
338,GAA,17,2,0,0,0,0,7,0,0,0,0,2,0,8,0,0,0,0,0,0,0,0,0,0,7,1,0,3,9,0,1,9,47555,3,7,10,4,6,0,0,1,0,0,2,1,0,1,0,0,0,0,0,0,0,2,0,0,0,0,0,0,12,0,12
339,ACT,0,6,0,9,5,0,0,47693,0,0,0,0,0,0,0,15,0,5,0,0,0,0,0,0,0,0,0,0,1,0,3,0,0,0,0,0,0,0,7,5,0,0,0,0,3,0,0,0,0,0,0,0,0,0,0,11,0,0,0,0,2,0,0,0
340,TTG,2,0,0,0,0,0,0,0,0,0,0,0,0,0,2,0,0,0,0,0,0,0,0,0,0,0,0,0,0,5,6,0,0,0,0,0,0,0,0,0,0,0,0,0,0,3,3,0,4,0,0,0,0,0,0,0,0,0,0,0,8,0,47592,8
341,GGA,0,4,0,6,0,0,0,0,11,0,0,0,0,0,0,0,0,0,0,3,0,0,0,0,0,3,0,0,0,0,0,0,11,0,0,6,10,0,0,0,47547,0,9,2,4,0,0,8,0,0,0,0,0,0,0,0,3,0,1,0,6,0,0,0
342,AAG,8,0,47508,10,0,0,4,0,12,0,6,3,0,0,0,0,0,0,0,0,0,0,0,0,0,0,0,0,0,3,0,0,0,0,2,3,1,0,5,0,0,0,0,0,0,7,0,0,0,0,0,0,0,0,5,0,0,0,0,2,0,0,6,0
343,GTG,0,0,0,0,0,0,2,3,0,0,0,0,0,0,7,0,0,0,8,0,0,0,0,0,0,0,0,0,5,0,0,0,0,0,0,0,0,0,0,0,0,0,0,0,16,5,47593,8,0,0,0,0,0,0,0,0,0,0,0,0,0,0,0,0
344,GTC,0,0,0,0,0,0,0,0,0,0,0,0,0,9,0,5,0,0,0,0,0,0,0,0,0,0,0,0,0,1,0,0,0,0,0,0,0,8,0,0,0,0,0,0,4,47572,0,4,0,0,0,0,0,0,0,0,0,0,0,0,0,8,0,0
345,AAA,47617,5,13,6,0,0,0,7,0,0,0,5,0,0,0,0,0,0,0,0,0,0,0,0,0,0,3,0,3,0,3,2,2,4,0,0,0,0,0,0,1,0,0,0,0,0,0,0,2,1,0,0,0,0,4,0,0,0,0,0,0,4,0,7
346,CAA,6,0,0,0,0,0,0,3,0,0,0,0,0,0,0,0,47650,7,0,2,0,0,0,0,1,1,0,0,17,0,0,0,0,0,5,0,3,0,0,3,8,0,0,0,0,5,0,4,0,0,0,0,0,0,0,0,0,0,0,0,0,0,0,0
347,TTA,0,0,0,0,0,0,0,0,0,0,0,0,5,0,0,0,0,0,0,0,0,0,0,0,0,0,0,0,2,0,0,3,0,0,0,0,0,0,0,0,0,0,0,0,0,0,0,0,0,0,0,0,1,0,0,4,0,0,0,0,47633,5,14,0
348,AGA,9,4,0,0,0,1,3,0,47547,0,0,7,0,8,0,6,2,0,0,0,0,0,0,0,0,0,2,0,0,0,0,0,0,0,7,0,0,5,0,0,21,0,3,0,4,2,0,2,0,6,0,0,7,0,0,0,0,0,5,0,5,0,0,2
349,AAA,47645,1,5,4,9,5,0,0,0,0,0,0,0,4,6,0,1,0,0,0,0,0,0,0,7,1,0,3,2,0,0,0,6,0,0,0,0,0,0,0,0,3,0,0,3,0,2,0,0,0,0,7,0,0,0,8,0,0,0,0,0,0,0,0
350,CAC,0,0,0,0,0,0,0,0,0,0,0,0,0,0,0,7,20,47624,0,16,0,0,0,0,0,7,0,0,0,0,0,0,0,0,0,6,2,0,0,0,0,0,0,0,4,0,0,4,0,4,0,4,0,0,0,1,0,0,7,0,0,5,0,0
351,TTT,0,0,0,0,0,0,0,0,0,0,0,0,0,0,0,3,0,0,0,0,0,0,0,0,0,0,0,0,0,6,0,0,0,0,0,0,0,0,0,0,0,0,0,0,0,0,0,0,0,0,0,10,0,0,0,0,0,0,0,0,8,3,2,47600
352,GGG,0,0,0,0,0,0,0,0,5,0,2,0,0,0,0,0,0,0,0,0,0,0,0,0,0,0,0,0,0,0,0,2,0,0,14,0,0,0,5,0,20,0,47578,2,0,0,2,0,0,0,0,0,3,0,0,0,0,0,0,0,4,0,0,0
353,AAC,0,47618,0,23,0,7,0,6,0,1,2,0,6,0,0,0,0,1,0,0,2,0,0,0,0,0,0,0,0,0,0,0,1,4,0,2,4,0,0,0,0,0,0,0,3,0,0,0,0,0,0,0,0,0,0,0,0,0,0,0,3,0,0,0
354,AAC,7,47638,0,14,0,0,0,0,0,6,0,0,0,0,0,0,0,0,2,0,0,9,0,0,5,0,0,0,0,0,0,0,0,3,0,0,0,0,1,4,0,0,0,0,0,0,0,0,0,0,0,0,0,0,1,0,0,0,0,0,0,0,0,0
355,ACA,16,0,0,0,47602,0,2,0,1,0,0,0,10,0,0,0,9,8,0,0,0,4,0,0,1,0,0,2,0,0,0,2,0,0,0,0,3,0,0,0,0,5,0,0,0,0,0,5,0,0,0,0,0,6,0,0,0,4,0,0,0,0,0,0
356,ATA,4,0,0,7,4,0,0,0,2,3,0,0,47680,0,0,0,0,0,0,0,0,8,0,0,0,0,0,0,0,5,0,0,0,4,0,0,0,0,5,7,0,0,0,0,0,0,0,0,0,0,0,0,2,4,0,0,0,1,0,0,0,4,0,0
357,ATA,10,0,0,0,1,0,0,0,0,0,0,0,47628,0,15,8,0,0,0,0,0,0,0,0,0,0,0,0,4,0,0,5,0,0,0,0,0,0,0,0,0,0,0,0,0,0,0,0,0,0,0,0,0,0,0,0,0,0,0,0,2,0,0,0
358,AGA,14,0,0,0,3,0,1,3,47540,0,0,2,5,0,0,0,0,0,0,0,0,0,0,0,0,0,3,0,0,0,6,3,0,3,0,0,10,0,0,0,0,0,0,0,0,0,1,5,0,0,0,0,0,0,0,0,0,3,0,0,0,0,0,0
359,TTT,0,0,0,0,0,0,0,0,0,0,0,0,1,0,0,0,0,0,0,0,0,0,0,0,0,0,0,0,0,5,0,0,0,0,0,0,0,0,0,0,0,0,0,0,0,0,0,0,0,0,0,2,0,2,0,0,0,0,0,3,0,2,0,47623
360,GCT,0,0,0,0,0,0,1,20,0,0,5,4,0,0,0,0,0,0,0,0,0,4,0,0,4,0,0,2,0,0,0,0,0,4,0,20,0,3,3,47533,0,4,0,0,0,2,2,25,0,0,0,0,0,0,0,0,0,0,1,0,0,0,0,0
361,AAT,13,0,0,47611,0,0,0,0,0,0,1,2,0,0,0,5,0,0,0,0,0,0,0,0,0,5,0,0,0,0,7,0,0,0,4,7,2,4,0,0,0,1,3,0,0,0,0,0,0,0,0,0,1,0,0,0,0,0,3,4,0,0,0,0
362,TCC,0,0,0,0,0,0,4,0,0,0,0,0,0,0,0,0,0,0,0,0,0,2,0,0,0,0,0,0,0,3,0,0,0,0,0,0,2,0,1,0,0,0,0,0,0,0,0,0,0,2,0,0,2,47513,0,4,0,0,0,0,0,0,0,0
363,TCA,0,0,0,0,5,0,0,0,0,0,0,7,0,0,0,0,0,0,0,0,9,0,0,0,0,0,0,0,0,0,0,0,0,2,0,0,11,3,3,0,0,0,0,0,0,0,0,0,1,0,0,0,47110,2,35,1,0,0,0,0,6,0,0,0
364,GGA,0,0,0,0,0,0,0,0,16,0,0,0,0,0,0,0,0,0,0,0,0,0,0,0,0,0,0,0,0,0,0,0,6,0,1,0,0,0,0,0,47440,0,9,4,0,0,0,0,0,0,0,0,0,0,0,0,2,0,0,0,0,0,0,0
365,GGG,0,0,0,0,0,0,0,0,0,0,18,0,0,0,0,0,0,0,0,0,0,0,0,0,0,0,0,0,0,0,0,0,0,0,9,0,0,0,0,0,16,0,47360,0,0,0,1,0,0,0,0,0,0,0,0,0,0,0,1,0,0,0,0,0
366,GAT,0,0,0,0,0,0,0,0,0,0,0,0,0,0,0,0,0,0,0,0,0,0,0,0,0,0,0,0,0,0,0,0,0,0,0,47775,0,0,0,0,0,0,0,0,0,0,0,0,0,0,0,0,0,0,0,0,0,0,0,0,0,0,0,0
367,CTA,0,0,0,1,7,0,0,4,0,0,0,0,8,0,0,0,2,0,0,0,22,0,0,0,0,0,0,0,47657,5,29,0,0,3,0,0,0,0,0,0,0,0,0,0,4,0,0,0,0,3,0,0,0,4,0,0,0,0,0,0,12,12,3,0
368,GAA,1,0,0,0,0,0,0,0,0,0,0,0,0,0,0,0,0,0,0,0,0,0,0,0,0,0,0,0,0,0,0,0,47780,0,3,0,0,0,0,0,2,0,0,0,0,0,0,0,0,0,0,0,0,0,0,0,0,0,0,0,0,0,0,0
369,GTC,0,0,0,0,0,0,0,0,0,0,0,0,0,12,0,0,0,0,0,0,0,0,0,0,0,0,0,0,0,0,0,0,0,5,0,0,0,11,0,0,0,0,0,0,4,47737,9,9,0,0,0,0,0,0,4,0,0,0,0,0,0,0,0,0
370,ACA,2,0,0,0,47666,0,17,3,0,0,1,3,20,0,0,0,0,0,0,0,0,0,0,0,0,0,9,0,2,0,6,0,2,0,0,0,0,7,0,0,0,15,0,0,1,0,0,6,0,0,0,0,0,4,0,0,0,2,6,0,0,0,3,6
371,ACA,0,0,5,0,47695,3,18,6,0,0,3,1,4,0,0,0,0,3,0,0,0,0,0,0,0,0,2,0,0,0,0,0,0,0,0,0,1,4,6,0,6,8,0,0,0,2,0,0,0,0,0,0,2,0,7,0,0,0,0,0,0,0,6,0
372,CAT,0,0,0,0,0,3,0,1,0,0,0,0,0,0,0,0,0,0,0,47761,0,0,0,0,0,0,0,0,0,0,0,0,4,0,0,0,2,0,0,0,0,0,0,0,0,0,0,0,0,4,0,9,0,0,0,0,0,0,0,0,0,0,4,0
373,AGT,0,0,0,7,0,0,0,0,0,7,0,47713,3,0,0,14,0,0,0,0,0,0,0,0,0,0,0,0,0,0,0,0,0,0,0,0,0,0,0,0,0,1,0,9,0,0,0,0,0,0,0,0,0,0,5,0,0,0,0,1,0,0,0,0
374,TTT,0,0,0,0,0,0,0,0,0,0,0,0,0,0,0,0,0,0,0,0,0,0,0,0,0,0,0,0,0,0,0,1,0,0,0,0,0,0,0,0,0,0,0,0,0,0,0,0,0,0,0,0,0,0,0,0,0,0,0,0,1,0,5,47769
375,AAT,0,3,0,47030,2,0,0,0,0,0,0,0,0,0,0,1,0,0,0,0,0,0,1,0,0,0,0,2,0,0,0,0,0,0,0,4,0,0,0,0,0,0,0,0,0,0,0,0,0,0,0,0,0,0,0,0,0,0,0,0,0,0,0,0
376,TGT,0,0,0,0,0,0,0,0,0,0,0,6,0,0,0,0,0,0,0,0,0,0,0,0,0,0,0,5,0,0,0,0,0,0,0,0,0,0,0,0,0,0,0,0,0,0,0,0,0,0,2,3,0,0,0,1,0,7,0,47265,0,0,0,0
377,GGA,0,0,0,0,0,0,0,0,6,0,0,0,0,0,0,0,0,0,0,0,0,0,0,0,0,0,0,0,0,0,3,0,7,0,0,0,6,3,0,0,47558,0,18,0,0,0,0,0,0,0,0,0,0,0,0,0,1,0,0,0,2,0,0,0
378,GGA,0,0,0,0,0,0,0,0,12,0,0,0,0,0,6,0,6,0,0,3,0,0,0,0,0,2,0,0,0,0,0,0,0,0,0,0,0,0,0,0,47614,0,0,0,0,0,0,0,0,0,0,2,0,0,0,0,0,0,0,0,0,0,0,0
379,GAA,4,0,0,0,0,0,0,0,0,0,0,0,0,0,0,0,3,0,0,0,0,0,0,0,0,0,0,0,0,0,0,0,47390,0,0,7,0,0,0,1,0,1,5,3,0,0,0,0,0,0,0,0,0,0,0,0,0,0,0,0,0,0,0,0
380,TTT,0,0,0,0,0,0,0,0,0,0,0,0,0,0,0,10,0,0,0,0,0,0,0,0,0,0,0,0,0,0,0,4,0,0,0,0,0,0,0,0,0,0,0,0,0,0,0,0,0,0,0,8,0,0,0,0,0,0,4,0,2,8,0,46811
381,TTC,0,0,0,0,0,0,0,0,0,0,0,0,0,2,0,0,0,0,0,0,0,0,0,0,0,0,0,0,0,1,0,0,0,0,0,0,0,0,0,0,0,0,0,0,0,0,0,0,0,0,0,0,0,4,0,0,0,0,0,0,1,47628,0,22
382,TAT,0,5,0,2,0,0,4,0,0,3,0,0,0,0,0,0,0,4,0,5,0,0,0,0,0,0,0,0,4,9,3,17,0,0,0,4,2,3,0,5,0,0,0,0,0,0,0,20,1,4,0,47499,0,0,0,0,0,0,0,4,1,0,7,0
383,TGT,0,0,0,4,0,0,0,0,0,0,0,0,0,0,0,0,0,0,0,0,0,0,0,0,0,0,0,0,0,0,0,0,0,0,0,0,0,0,0,0,0,0,0,0,0,0,0,0,0,0,0,18,0,0,0,0,0,19,0,47520,0,0,0,0
384,AAC,2,47463,0,7,0,0,0,0,0,8,0,0,0,0,0,0,0,0,9,0,7,0,0,0,0,7,0,0,0,1,0,0,0,12,0,0,0,0,0,0,0,0,0,6,0,3,6,0,0,0,0,0,2,0,0,4,0,0,3,0,0,0,0,0
385,ACA,0,0,0,0,47446,0,5,0,0,0,0,0,1,0,0,0,0,0,0,0,0,0,0,0,0,0,0,0,0,0,0,0,0,0,0,0,0,0,0,0,0,0,0,0,0,0,0,0,0,0,0,0,0,0,0,0,0,0,0,0,1,0,0,0
386,TCA,0,0,0,0,11,0,0,0,0,0,0,0,0,7,0,0,3,0,0,3,4,0,0,0,6,0,0,0,0,0,4,0,4,0,0,0,0,2,1,3,2,0,0,0,0,0,0,0,0,0,0,0,47363,4,26,2,0,0,5,0,9,0,0,0
387,GGC,0,0,0,0,0,0,0,0,0,12,0,0,0,3,0,0,0,0,0,0,0,0,0,0,0,0,5,0,0,0,0,0,0,16,0,0,0,0,0,0,3,47383,6,19,0,0,0,0,0,0,0,0,0,0,0,0,0,4,0,0,0,0,0,0
388,CTG,0,0,0,0,0,0,0,0,0,0,0,0,0,0,7,0,0,0,2,0,0,0,10,0,0,0,10,0,25,2,46741,0,0,0,0,0,0,0,0,0,0,0,0,0,0,0,0,0,0,0,0,0,0,0,0,0,0,0,0,0,0,0,4,0
389,TTC,0,0,0,0,0,0,0,0,0,0,0,0,0,0,0,0,0,0,0,0,0,0,0,0,0,0,0,0,0,5,0,0,0,0,0,0,0,0,0,0,0,0,0,0,0,4,0,0,0,0,0,0,0,7,0,0,0,2,0,0,4,46984,0,1
390,AAT,1,0,0,47445,0,0,1,0,0,0,0,0,0,0,0,0,0,0,0,0,0,0,0,0,0,0,0,0,0,0,0,0,0,0,0,3,0,2,0,0,0,0,2,0,0,0,1,0,0,0,0,4,0,0,3,4,0,0,0,0,0,7,0,0
391,AGC,0,9,0,0,0,8,0,3,0,47477,0,3,0,7,0,0,0,0,0,0,1,0,0,0,0,0,0,0,0,0,0,0,0,0,0,0,0,0,0,0,0,8,0,0,0,0,0,6,0,0,0,0,0,0,1,2,0,1,0,0,0,0,0,0
392,ACT,7,0,0,10,1,7,0,47352,9,0,7,0,2,0,4,13,0,0,5,0,0,0,0,0,8,0,4,0,0,0,3,0,0,0,0,0,0,7,0,0,0,0,0,0,3,4,0,0,0,1,0,4,2,0,1,0,0,0,0,0,0,5,0,16
393,TGG,0,0,0,0,0,0,0,0,0,0,0,0,0,0,0,0,0,0,0,0,0,0,0,0,0,0,4,0,0,0,0,0,0,0,0,0,0,0,0,1,0,0,0,0,0,0,0,0,0,0,1,8,0,0,3,0,0,0,47533,0,0,0,0,5
394,ATT,0,0,6,25,0,0,0,7,0,0,0,0,0,6,5,47430,0,3,0,0,2,0,0,0,0,0,0,4,3,0,3,2,0,0,0,0,0,2,0,6,0,0,0,0,0,0,3,7,0,0,0,0,0,0,0,0,0,0,0,0,0,7,0,3
395,AGC,4,9,0,0,0,0,0,0,11,47369,1,30,4,11,0,0,10,4,10,0,2,0,1,0,2,0,0,0,0,1,0,0,3,0,0,0,1,0,0,0,0,19,0,6,6,0,3,0,0,0,0,0,0,0,0,0,0,0,9,0,0,0,3,0
396,AAT,16,0,0,47441,0,5,0,6,0,0,0,3,5,0,0,0,0,5,0,0,6,12,0,0,7,0,0,0,0,2,0,0,0,0,0,9,0,0,0,0,0,6,0,0,0,0,0,0,0,4,0,0,0,0,0,0,0,0,0,0,0,0,0,0
397,ACC,0,13,0,0,5,47495,3,13,0,4,0,0,1,20,0,4,0,0,0,0,0,0,0,0,0,0,0,0,9,9,0,0,0,11,3,0,1,9,0,0,3,4,0,0,0,0,0,3,0,0,0,0,0,3,7,9,0,4,0,0,0,0,0,4
398,AGC,0,14,0,0,0,0,5,0,12,47316,0,35,4,9,0,0,4,0,4,7,0,3,0,0,0,4,4,0,0,0,0,0,4,16,0,10,0,0,0,11,0,20,2,4,4,0,3,4,0,0,0,0,7,0,2,0,0,0,0,0,0,0,0,0
399,GTG,0,0,0,0,0,12,0,0,2,0,0,0,1,0,34,0,0,0,0,0,1,3,1,0,0,2,1,0,3,0,0,0,5,0,1,1,0,0,0,0,0,0,0,0,58,0,47374,13,0,0,0,2,11,1,3,0,0,0,1,0,0,0,19,0
400,CAG,0,0,0,0,0,0,1,0,0,0,0,0,0,0,9,0,28,0,47466,22,0,6,4,0,0,0,8,4,0,0,0,0,0,0,0,4,0,0,2,0,0,0,2,9,0,4,6,0,0,0,34,0,2,2,2,0,0,4,0,0,0,0,4,0
401,GGG,0,0,0,0,0,0,2,0,0,0,15,0,0,0,0,0,0,0,0,0,0,0,0,0,0,0,2,0,0,0,0,1,0,0,18,0,0,0,0,0,23,1,47520,0,0,2,1,0,0,4,0,0,0,2,0,0,0,0,7,0,1,0,0,0
402,TCA,3,0,0,5,2,0,0,0,0,0,0,0,0,0,4,0,0,0,0,0,22,0,3,0,2,0,2,0,0,0,4,6,0,0,0,0,7,4,1,0,7,0,0,14,0,0,0,4,0,0,0,1,46607,8,16,11,0,13,0,0,5,2,10,0
403,AAT,8,14,15,47458,5,1,0,7,2,0,2,5,0,0,0,4,0,3,9,0,5,0,7,0,1,0,0,0,2,0,0,0,0,0,0,1,5,0,0,8,3,0,0,5,0,4,0,0,0,0,0,5,8,0,1,0,0,0,0,0,0,0,0,6
404,AGC,0,60,3,5,1,0,9,0,0,47321,11,24,5,16,0,4,0,3,0,0,0,7,0,0,3,10,0,0,0,0,0,0,0,0,0,0,6,15,4,0,2,17,13,0,0,4,4,0,0,5,0,0,0,0,0,2,0,10,2,3,0,1,0,2
405,ACG,0,0,3,0,11,11,47523,26,0,0,7,0,0,4,13,0,0,0,0,0,0,0,3,2,0,2,5,0,0,0,0,0,0,0,0,0,11,6,7,6,6,0,0,0,0,0,3,0,0,2,0,0,0,1,0,0,0,0,6,0,0,0,0,2
406,GGG,0,0,0,0,0,5,0,0,0,2,16,1,0,0,0,5,0,0,0,0,0,0,10,0,12,2,1,8,0,0,0,0,3,1,25,3,15,7,3,8,15,1,47386,17,5,0,15,0,0,0,0,0,0,4,0,7,2,0,1,3,0,0,0,0
407,TCA,0,1,0,0,9,0,0,0,0,0,0,0,0,0,0,0,0,0,0,0,16,0,0,0,0,0,0,0,0,0,0,0,0,0,3,0,0,0,0,2,2,0,0,0,2,0,6,0,0,4,0,0,47615,0,11,8,0,7,0,0,12,2,3,2
408,AAT,3,11,0,47541,1,4,0,0,3,0,4,5,4,0,2,8,0,0,0,0,0,4,0,3,0,5,0,0,0,0,1,0,0,3,0,0,0,0,0,3,5,4,0,0,1,4,0,1,0,0,0,0,0,0,1,0,0,0,8,0,5,0,0,0
409,GAC,3,3,0,3,4,3,0,0,0,0,0,0,0,0,0,4,0,8,0,0,0,0,6,3,2,4,0,0,0,0,0,1,5,47487,0,24,4,0,10,3,0,5,0,1,0,5,0,0,0,14,0,0,0,0,5,10,0,0,0,5,0,0,0,0
410,AGT,2,0,0,55,0,8,0,15,23,32,4,130772,0,0,11,0,0,0,0,10,0,0,0,0,0,28,0,6,0,0,12,0,0,0,0,0,11,0,0,0,16,0,6,49,12,0,31,0,0,0,0,9,4,7,6,0,0,0,11,5,0,12,9,6
411,ATA,0,0,0,0,2,0,0,0,0,0,0,0,131202,0,27,0,0,6,0,7,0,4,0,0,0,0,0,0,0,0,0,0,0,0,0,0,0,0,0,0,0,0,0,0,20,14,0,0,0,0,0,0,0,0,0,0,0,0,0,0,4,0,0,0
412,ACT,0,0,0,29,0,30,22,130897,6,0,0,5,0,13,0,37,0,6,0,0,0,0,0,0,0,22,0,0,0,0,0,0,0,0,0,0,7,0,0,55,0,6,0,18,25,0,4,0,0,0,13,2,0,0,4,0,0,0,0,0,0,28,0,0
413,CTC,0,0,0,0,0,0,0,0,0,0,0,0,0,23,0,0,0,16,0,0,0,17,0,0,0,0,0,0,21,131107,10,23,0,0,0,0,0,0,0,0,0,0,0,0,0,0,9,0,0,0,0,0,0,0,0,0,0,0,0,0,9,15,0,0
414,CCA,0,0,0,0,51,0,0,0,0,0,0,0,0,0,0,0,0,0,11,0,131003,0,19,1,1,0,0,0,16,38,0,0,0,0,0,0,0,0,0,6,7,0,0,0,0,0,0,10,0,12,0,0,42,0,4,0,0,0,18,0,0,0,0,0
415,TGC,0,0,0,0,0,0,0,0,0,0,0,0,0,0,0,0,0,0,0,0,0,0,0,0,0,14,0,0,0,0,0,0,0,0,0,0,0,0,0,0,0,0,0,0,0,0,0,0,13,24,0,0,0,18,0,0,0,131019,0,123,0,0,0,0
416,AGA,1,10,0,0,0,0,0,0,131038,13,0,0,43,0,0,0,0,0,0,0,0,0,0,0,0,0,0,12,0,0,0,0,0,0,17,13,0,0,0,11,22,0,0,0,0,0,0,0,0,0,0,2,0,0,0,8,1,0,0,0,0,0,21,0
417,ATA,0,0,0,0,13,0,0,0,0,11,0,0,131140,0,18,0,0,0,0,0,0,0,0,0,0,0,0,0,0,0,0,0,0,0,0,0,0,0,12,0,0,0,0,14,27,0,0,16,0,0,0,0,0,12,0,19,0,0,0,0,0,0,0,10
418,AAG,49,0,131136,0,0,0,1,0,0,0,3,0,0,0,2,0,0,8,0,19,0,0,0,0,0,0,0,0,0,0,0,0,0,0,3,0,0,0,0,0,0,0,0,0,0,0,0,0,0,0,0,0,0,0,0,0,0,0,0,0,0,0,0,0
419,CAA,12,0,0,0,0,0,0,0,0,0,2,0,0,0,0,0,131242,0,16,0,0,0,0,0,14,6,0,0,10,0,0,0,0,0,0,0,0,0,0,0,0,0,10,0,0,0,0,0,9,0,0,0,0,0,0,0,0,0,0,0,0,0,0,0
420,ATT,0,0,0,2,0,0,0,0,0,0,0,0,23,0,0,130928,0,0,0,0,13,0,0,0,0,0,0,0,0,0,4,0,0,0,0,0,0,0,0,0,0,0,0,0,0,0,26,15,0,0,0,0,0,12,0,0,0,0,0,0,0,11,0,6
421,ATA,12,45,0,0,0,0,0,0,0,0,0,0,131011,0,10,1,0,8,12,14,18,0,0,0,0,5,0,0,0,7,0,0,0,0,0,0,0,0,0,0,0,0,0,0,2,15,0,0,0,0,0,0,12,0,0,0,0,0,0,0,4,0,0,0
422,AAT,20,4,0,130956,17,13,11,0,0,0,0,12,0,0,0,33,13,0,0,1,0,0,0,0,0,0,6,0,0,0,16,0,0,0,0,21,0,0,0,0,2,0,8,0,0,0,0,0,0,0,0,1,0,0,0,29,0,0,27,0,0,0,0,0
423,ATG,0,0,18,0,0,9,2,0,0,0,0,0,13,0,130913,14,0,0,0,0,0,0,0,0,0,26,22,0,0,24,0,0,0,0,0,0,0,0,0,0,3,18,0,0,0,4,3,0,0,0,15,0,0,12,0,0,0,0,0,0,4,0,11,15
424,TGG,0,0,0,0,0,0,0,0,0,0,2,0,0,0,0,0,0,0,0,0,0,0,0,0,0,0,0,0,0,0,0,0,0,0,0,0,0,0,0,0,0,0,0,0,0,0,0,0,0,0,33,0,0,0,0,0,24,0,131165,1,0,0,5,0
425,CAG,0,0,1,0,0,15,0,2,0,0,0,0,0,0,0,11,51,0,130959,45,0,0,2,0,0,0,17,0,0,0,1,0,0,0,9,0,0,0,5,0,0,0,0,0,0,0,0,0,0,0,26,0,0,8,0,0,0,0,0,0,13,0,0,0
426,AGA,67,0,9,0,0,0,0,0,130999,0,9,0,0,0,8,0,0,5,0,0,0,0,0,0,0,0,7,14,0,0,0,0,0,0,0,0,0,0,15,0,8,0,0,0,15,0,14,0,0,0,0,37,0,7,0,0,1,0,0,0,0,0,0,0
427,ATA,5,1,0,0,10,0,0,0,0,0,0,0,131023,0,60,0,0,0,0,0,0,12,6,0,0,0,0,0,10,5,25,0,0,0,0,0,12,0,0,0,0,0,0,0,1,0,0,0,0,20,0,0,13,0,0,0,0,0,5,0,13,0,0,10
428,GGA,6,0,0,15,12,0,0,0,40,16,0,16,0,0,0,0,0,11,5,8,0,0,0,0,0,3,15,0,0,0,0,0,28,15,3,0,0,18,0,8,130834,0,15,39,6,0,16,0,0,0,0,0,7,45,6,0,22,0,0,0,0,0,0,0
429,CAA,34,13,9,17,0,5,0,11,56,7,6,7,0,8,27,0,130671,8,34,4,16,0,0,0,39,9,0,0,4,9,18,45,44,0,9,0,0,10,0,0,0,0,0,0,0,0,0,8,10,16,0,0,15,15,0,0,0,0,0,0,13,0,25,0
430,GCA,0,0,0,8,53,0,0,0,0,5,13,0,0,0,0,0,0,0,0,7,0,0,0,0,7,0,0,0,0,20,10,8,11,9,0,5,130788,0,28,12,21,16,0,7,79,21,3,9,0,28,0,0,25,0,10,0,0,0,0,8,0,0,14,11
431,ATG,0,0,0,0,0,8,19,0,0,0,0,0,23,39,130860,14,0,0,0,12,0,0,0,0,0,0,0,0,0,0,14,0,0,0,0,0,0,0,0,0,0,0,9,0,0,0,0,0,0,0,0,0,0,0,0,0,0,0,0,0,6,12,0,9
432,TAT,0,0,0,0,0,0,0,0,0,0,0,0,0,0,0,0,0,0,0,18,0,0,0,0,0,0,0,0,0,0,0,0,0,0,0,6,0,0,0,10,0,0,3,8,0,0,0,0,5,23,0,131049,0,0,0,0,0,0,30,15,11,11,0,0
433,GCC,0,10,7,0,0,47,0,0,0,0,0,0,0,30,0,0,0,7,0,0,0,0,0,0,0,0,0,0,0,9,11,0,0,6,0,0,11,130732,8,16,0,0,5,0,0,139,1,0,0,0,0,15,0,4,0,0,0,0,10,0,9,11,0,8
434,CCT,0,0,9,24,0,0,0,0,0,8,7,0,0,14,0,0,0,0,4,10,8,52,1,131041,0,0,0,0,14,0,0,19,0,0,0,0,0,0,11,0,0,0,0,0,11,0,7,11,0,14,0,17,0,0,0,11,0,0,0,0,0,0,0,8
435,CCC,0,0,0,0,0,21,0,5,0,7,0,0,0,0,9,0,6,3,0,0,33,131014,0,37,0,0,0,0,12,23,0,0,0,0,0,0,15,0,0,0,19,0,0,0,0,0,0,7,0,0,0,0,0,48,12,0,0,0,0,0,0,14,3,0
436,ATC,0,0,13,0,0,11,0,0,0,0,0,0,29,131141,11,1,0,0,0,0,0,0,0,0,0,0,0,0,0,0,0,0,0,0,0,0,0,0,0,0,0,0,0,0,4,0,0,12,0,0,0,0,0,0,0,0,0,0,0,0,0,10,0,0
437,CAA,9,7,0,0,0,0,0,0,0,7,0,17,0,0,0,6,130988,0,12,3,0,11,28,0,1,4,0,0,8,0,0,7,0,0,7,0,18,0,0,0,0,0,0,0,0,0,9,19,2,0,0,0,11,0,0,0,0,0,10,0,0,0,0,7
438,GGA,0,0,0,0,0,7,9,11,7,0,0,0,0,0,0,0,0,0,0,0,0,9,0,0,0,12,31,13,0,0,0,0,41,0,0,17,6,0,9,16,130820,34,8,0,17,0,0,0,0,0,0,0,0,13,0,5,4,0,0,0,0,0,0,0
439,GTA,0,0,9,0,0,0,0,15,8,0,37,0,63,18,0,0,6,0,0,8,0,0,0,9,0,10,9,0,0,0,0,0,0,0,0,0,8,0,6,0,0,0,0,0,130656,2,18,17,0,0,0,0,0,0,0,0,0,0,2,0,0,0,0,0
440,ATA,0,7,0,10,0,0,0,16,0,0,0,11,130938,0,19,0,5,0,0,7,0,0,14,9,8,0,0,10,8,0,0,0,0,0,0,0,6,13,0,0,0,0,0,12,31,0,0,48,0,0,0,0,0,0,12,0,0,0,0,0,0,0,0,0
441,AGA,41,0,21,0,22,0,0,0,130816,6,35,0,24,0,0,0,13,10,0,7,0,0,0,0,19,0,0,0,0,0,0,0,0,0,0,0,10,12,0,0,0,0,11,0,0,0,8,0,0,0,0,10,10,0,0,14,0,0,0,0,0,0,0,0
442,TGT,12,0,0,0,0,0,0,0,0,0,0,0,0,0,0,0,0,0,0,0,0,0,0,0,0,0,0,2,0,0,0,0,0,0,0,0,0,0,0,0,0,0,0,4,0,0,0,0,0,0,0,45,0,0,0,11,17,21,0,130850,0,0,0,7
443,GTA,22,12,0,8,3,0,0,0,0,0,0,0,72,0,0,0,0,0,0,0,0,0,6,0,22,0,0,6,0,11,0,0,0,0,0,0,41,14,0,17,0,0,0,0,130832,0,0,12,0,0,0,0,0,11,0,0,0,0,0,0,9,0,0,8
444,TCA,0,12,0,0,12,0,0,0,0,0,0,0,0,0,0,0,0,0,0,0,3,0,0,0,0,0,0,0,0,0,0,0,0,0,0,0,21,6,0,12,0,0,0,0,0,0,0,0,0,0,0,30,130960,0,35,0,11,0,0,0,11,0,0,0
445,AAC,7,131064,0,9,0,0,0,0,0,6,0,0,0,0,0,0,0,0,0,0,0,0,0,10,0,0,0,0,0,0,0,0,0,12,0,0,0,0,0,0,0,0,0,0,0,0,0,0,0,0,0,0,0,0,0,0,0,0,0,0,0,0,0,0
446,ATT,0,0,0,0,0,0,0,19,0,0,0,2,14,2,0,131072,0,0,0,0,0,0,0,0,0,0,0,0,14,0,0,0,0,0,0,0,0,0,0,0,0,0,0,0,0,12,0,0,0,0,0,0,0,0,0,0,0,0,0,0,0,0,0,0
447,ACA,1,0,0,0,130922,2,92,1,5,0,0,4,25,0,0,0,0,0,0,0,0,0,0,0,0,0,0,0,0,0,0,0,0,0,0,0,14,0,0,0,0,0,0,0,0,0,0,0,0,0,0,0,0,0,0,0,0,0,0,0,0,0,0,0
448,GGG,0,0,0,0,0,0,0,0,0,0,9,7,0,0,0,0,0,0,0,0,7,0,0,0,0,0,1,0,0,0,0,0,0,0,0,0,0,0,0,0,100,0,130475,1,0,0,0,0,0,0,0,0,0,0,0,0,0,0,8,0,0,0,0,0
449,CTA,0,0,0,0,0,0,0,0,0,0,0,0,46,10,7,0,14,0,0,0,28,0,0,0,0,0,0,0,130812,0,9,9,0,0,0,0,0,0,0,0,0,0,0,0,13,10,0,4,0,0,0,0,0,0,0,0,0,0,0,0,21,0,0,0
450,ATA,8,0,0,0,15,0,7,0,0,0,0,0,130891,0,20,18,11,0,0,0,0,0,0,0,0,0,0,0,0,9,0,0,0,0,0,0,0,0,0,0,0,0,0,0,17,0,13,0,0,0,0,6,0,0,0,0,0,0,0,0,0,0,0,0
451,TTA,0,0,0,0,0,0,0,0,0,0,0,0,26,0,17,9,0,0,0,0,0,0,0,0,0,0,0,0,0,0,0,0,0,0,0,9,0,0,0,0,0,0,0,0,17,0,0,0,1,0,0,0,17,0,0,0,0,0,0,0,130880,0,12,0
452,ACA,0,8,0,0,131033,0,17,27,0,0,0,10,1,0,0,0,10,0,0,0,0,0,0,0,0,0,0,0,0,0,0,0,0,0,0,0,1,5,0,12,0,0,0,0,0,0,0,0,0,0,0,6,0,0,0,0,0,0,0,0,0,0,0,0
453,AGA,0,0,0,0,0,0,0,0,130920,0,25,15,0,0,0,0,0,12,0,0,0,0,0,0,0,0,12,24,0,0,0,15,0,0,0,0,0,0,0,0,4,0,0,0,0,0,0,0,0,0,0,0,0,0,0,0,0,0,0,0,0,0,0,0
454,GAT,0,0,0,47,0,0,0,0,0,0,0,0,0,0,0,0,0,0,0,0,0,0,0,0,0,0,0,0,0,0,0,0,0,2,0,129372,0,0,0,0,0,0,0,0,0,0,0,4,0,0,0,6,0,0,0,0,0,0,0,0,0,0,0,0
455,GGT,0,0,0,0,0,0,0,0,0,18,0,2,0,0,0,0,0,0,0,0,0,0,0,0,0,0,0,0,0,0,0,0,0,0,0,1,0,0,0,0,3,45,12,129561,0,0,0,0,0,0,0,0,0,0,0,0,0,0,0,11,0,0,0,7
456,GGG,0,0,0,0,0,0,0,0,0,0,14,0,13,0,0,0,0,0,0,0,0,0,0,0,0,0,7,0,0,0,0,0,0,0,16,1,0,0,0,0,13,0,127993,12,0,0,0,0,0,0,0,0,0,0,0,0,0,0,2,0,0,0,0,0
457,AGT,0,0,0,55,0,9,0,11,0,17,13,130599,13,14,0,13,6,0,3,0,0,0,30,0,6,0,11,0,0,0,0,0,0,0,0,5,6,9,0,9,0,11,0,41,0,0,0,0,0,0,0,0,23,0,0,0,0,0,0,0,5,0,11,5
458,ACT,0,1,4,41,0,57,1,130472,0,0,17,8,13,0,0,18,0,0,0,9,24,8,0,9,0,0,8,0,0,0,5,1,0,0,0,0,0,1,24,6,17,0,0,0,2,10,0,0,0,6,0,0,0,0,17,0,0,0,0,0,0,8,12,20
459,AAT,8,0,0,130612,0,0,0,0,4,0,0,18,17,11,6,9,0,0,0,3,13,0,0,0,0,0,15,15,4,0,0,29,0,0,16,38,0,0,0,0,20,16,0,0,0,0,0,0,0,0,0,0,0,0,0,0,0,0,0,0,6,0,11,15
460,AGT,8,5,0,29,0,0,11,48,0,48,8,130534,0,2,6,10,29,23,0,0,3,0,18,0,0,0,0,0,0,0,0,0,0,0,0,12,17,0,0,0,21,13,0,51,0,0,12,2,0,0,0,0,4,0,8,0,0,0,0,7,9,0,0,0
461,ACA,0,0,0,0,129919,0,5,12,0,0,0,10,48,0,17,0,0,8,9,0,0,11,11,20,8,0,0,0,6,22,0,33,0,0,0,0,19,11,0,10,0,0,0,0,0,0,11,21,0,0,0,0,6,12,0,21,0,0,0,8,12,8,0,4
462,ACT,0,0,0,4,17,51,22,130268,8,0,0,1,0,0,3,18,0,0,0,5,0,0,0,1,0,0,0,4,29,0,12,0,12,0,0,0,0,0,18,12,9,0,0,7,0,0,0,13,0,0,0,0,0,0,0,10,0,0,0,15,7,15,5,0
463,GAA,15,0,0,0,0,13,0,0,0,0,0,0,0,0,0,0,10,0,0,0,0,0,0,0,0,0,0,0,0,0,0,0,130729,7,0,0,0,0,0,0,1,0,0,0,0,0,0,0,0,0,0,0,0,19,0,0,0,0,0,0,0,0,0,0
464,ACC,0,0,0,0,7,130441,0,75,0,0,0,0,0,49,1,0,0,0,0,0,0,0,0,0,0,0,0,0,5,0,0,7,0,0,0,0,0,26,2,2,0,0,0,0,0,10,0,0,0,0,0,0,0,0,0,0,0,0,0,0,0,32,0,0
465,TTC,0,0,0,0,0,0,0,0,0,0,0,0,0,2,0,7,0,0,0,0,0,0,0,0,0,0,0,0,0,32,0,0,0,0,0,0,0,0,0,0,0,0,0,0,0,1,16,22,0,0,0,0,0,20,0,0,7,0,0,0,15,128569,0,27
466,AGA,9,0,0,0,0,0,0,0,129316,0,21,0,0,0,0,0,0,0,0,0,0,0,0,0,8,9,17,18,0,0,0,0,0,0,0,0,0,0,0,0,62,0,0,0,0,0,0,0,0,0,0,0,0,0,0,0,0,0,0,0,0,1,11,0
467,CCT,0,0,0,0,0,0,0,5,2,0,0,0,0,0,0,0,0,0,0,7,16,103,26,127827,0,0,0,0,0,0,0,15,0,0,0,0,0,8,3,0,0,0,0,0,0,0,0,0,0,0,0,0,0,0,0,12,0,0,0,0,0,0,0,0
468,GGA,0,0,0,13,14,0,0,8,37,14,0,14,9,0,4,14,0,0,3,0,0,14,0,1,0,0,0,0,0,0,0,9,24,0,7,6,0,17,32,11,129865,0,56,14,18,8,3,0,0,0,0,10,2,0,9,0,9,17,9,0,0,0,0,4
469,GGA,0,0,0,0,0,0,0,0,0,0,0,0,0,0,0,0,0,0,0,0,0,0,0,0,0,13,0,0,0,0,0,0,6,0,0,0,14,0,0,0,130269,6,66,4,10,0,0,0,0,0,0,0,0,0,0,0,15,0,0,0,0,0,0,0
470,GGA,0,0,0,0,0,0,4,0,30,0,0,0,0,0,0,0,0,0,0,0,0,0,0,0,0,0,0,0,0,0,0,0,11,0,0,0,0,0,0,0,130375,5,84,26,0,0,0,0,0,0,0,0,0,0,0,0,3,0,0,0,0,0,0,0
471,GAT,14,0,0,49,0,0,0,0,0,0,0,10,0,0,0,0,13,0,10,0,0,0,0,0,0,0,0,0,0,0,20,0,4,11,0,129744,13,10,0,0,0,0,12,0,0,0,0,0,0,0,0,8,0,4,0,0,0,0,0,13,0,0,0,0
472,ATG,0,0,0,0,0,0,3,0,0,0,0,7,59,0,129886,27,0,0,18,0,0,0,0,0,0,0,0,0,7,4,8,5,0,0,0,0,0,0,16,0,0,0,0,0,0,0,10,0,0,0,0,8,0,0,0,0,0,0,0,0,4,0,9,0
473,AGG,12,5,30,0,0,24,20,0,13,10,129202,19,0,0,28,0,0,0,0,26,0,0,0,0,0,0,4,0,14,19,0,0,0,0,8,0,0,0,3,15,15,0,67,13,0,0,5,0,0,0,0,11,0,0,11,0,0,0,5,0,0,2,0,0
474,GAC,0,11,0,0,0,0,0,18,0,0,0,0,0,0,0,13,0,0,0,0,0,11,0,0,0,0,0,0,0,0,0,0,45,129703,17,14,0,0,0,0,0,14,0,0,0,0,0,0,0,0,0,0,11,0,0,0,0,0,0,0,0,9,0,0
475,AAT,0,18,0,129956,12,0,0,0,0,3,0,14,12,0,0,37,11,0,0,0,0,0,0,0,0,0,0,0,0,0,0,0,0,0,0,8,0,0,0,0,0,18,8,0,9,0,0,11,0,0,0,0,0,0,0,0,0,0,0,0,11,0,7,0
476,TGG,0,0,0,0,0,0,0,0,0,0,11,0,0,0,10,12,0,0,0,0,0,0,0,0,0,0,7,0,0,0,0,0,0,0,0,0,0,0,0,0,0,0,0,0,0,0,0,0,0,0,20,0,0,0,11,0,1,0,130236,5,0,8,2,0
477,AGA,91,0,0,0,0,0,0,5,130526,7,10,0,66,0,0,0,10,16,0,17,0,0,0,0,5,0,5,19,0,0,0,0,0,0,0,0,0,0,0,0,14,0,0,0,0,0,5,0,0,0,0,0,0,0,0,0,0,0,0,0,17,0,0,0
478,AGT,9,9,0,35,0,7,0,10,0,2,8,130320,0,0,6,23,9,0,0,0,0,0,0,0,0,0,0,0,0,0,0,0,0,0,0,0,1,0,0,0,0,3,0,26,0,0,0,0,0,0,0,17,4,0,0,0,0,0,0,0,0,20,0,0
479,GAA,24,0,0,0,0,0,0,0,0,0,0,0,0,0,0,0,0,0,0,0,0,0,0,0,0,0,0,0,0,0,0,0,130579,13,3,12,0,0,0,0,2,0,0,0,1,0,0,0,1,0,0,0,0,0,0,0,0,0,0,0,0,0,0,5
480,TTA,0,0,0,0,0,0,0,0,0,0,0,9,17,0,0,0,0,0,0,0,0,0,0,0,0,0,0,0,34,0,0,0,0,0,0,0,0,0,0,0,0,0,0,0,8,0,0,0,11,0,0,0,4,0,0,0,0,0,0,0,130637,0,25,16
481,TAT,0,3,0,0,0,0,0,0,0,0,0,0,0,0,0,0,0,0,0,27,0,0,0,0,0,0,0,0,0,0,0,0,17,0,0,0,0,0,0,0,0,9,10,0,0,0,0,0,26,0,0,130693,0,0,0,26,0,19,0,3,4,35,12,0
482,AAG,40,0,130684,24,0,0,1,11,0,0,24,0,10,0,0,0,0,0,0,0,0,0,6,0,0,0,9,0,0,0,0,0,0,0,74,0,0,7,0,0,14,0,0,13,9,0,21,0,0,0,0,11,0,0,6,0,0,0,14,0,0,0,0,20
483,TAT,0,0,0,0,0,0,0,0,0,0,0,0,0,0,0,0,0,0,0,0,0,0,0,0,0,0,0,0,0,0,0,0,0,0,0,6,0,0,0,0,0,0,0,0,0,0,0,0,0,0,0,130864,0,0,0,0,0,0,0,1,0,0,0,19
484,AAA,130758,0,2,2,0,0,0,0,4,0,0,0,23,0,0,0,0,0,0,0,0,0,0,0,0,0,0,0,0,0,0,0,43,0,0,0,0,0,0,0,0,0,0,0,0,0,0,0,0,0,0,0,0,0,0,0,0,0,0,0,0,0,0,0
485,GTA,0,0,0,0,0,0,0,0,0,0,0,0,22,0,0,0,0,0,0,0,0,0,0,0,0,0,0,0,0,0,0,0,0,0,0,0,6,0,0,0,5,0,0,0,130993,0,0,18,0,0,0,0,0,0,0,0,0,0,0,0,5,0,0,0
486,GTA,0,0,0,0,0,0,0,0,0,0,0,0,42,0,0,0,0,0,0,0,0,0,0,0,0,0,0,0,0,0,0,0,10,0,0,0,10,0,5,8,0,0,0,0,130633,0,12,40,0,0,0,0,0,0,0,0,0,0,0,0,8,0,0,0
487,AAA,130239,9,7,2,0,22,20,0,6,0,0,0,5,2,0,13,7,0,0,12,0,0,0,0,0,0,9,0,12,0,0,0,14,0,0,0,0,13,11,11,11,0,14,0,0,0,0,12,7,0,0,0,1,7,0,0,0,13,0,0,0,0,0,0
488,ATT,0,0,0,8,0,0,26,20,0,0,0,0,23,2,7,129497,0,0,0,9,0,0,0,0,0,0,0,0,0,0,0,0,0,0,0,0,0,0,0,0,0,0,0,0,0,0,0,8,0,41,0,0,0,0,0,0,0,0,0,6,0,0,11,38
489,GAA,36,0,0,0,2,0,0,0,0,9,0,0,0,0,0,0,8,5,0,0,0,0,0,0,0,0,0,0,0,0,0,0,130079,0,80,0,0,7,0,0,26,0,0,0,0,0,0,10,0,0,0,0,0,0,0,0,0,0,0,0,0,0,11,1
490,CCA,0,0,0,0,5,0,0,0,0,0,0,0,0,0,0,0,1,0,0,0,130487,20,11,23,0,0,0,0,2,0,0,0,0,0,0,0,1,0,0,11,0,0,0,0,0,0,0,0,0,0,0,0,2,0,0,0,0,0,0,0,0,0,0,0
491,CTA,0,0,0,0,0,0,0,0,0,0,0,0,13,0,0,44,0,0,0,0,21,0,0,0,0,0,6,0,130462,0,42,10,0,0,0,0,0,0,0,0,0,0,0,0,0,0,0,3,0,0,0,0,0,0,0,0,0,0,0,0,28,0,0,0
492,GGA,0,15,6,0,0,0,0,0,0,0,0,0,0,0,0,0,0,0,0,0,0,0,0,0,0,0,0,0,0,0,0,15,11,0,0,0,0,0,0,0,130398,6,15,1,9,0,0,0,0,0,0,6,14,0,0,0,3,0,0,0,0,0,0,0
493,GTA,0,0,0,0,0,0,0,0,0,0,0,0,68,0,0,5,0,0,0,10,0,0,0,0,0,0,13,0,0,0,10,8,0,0,0,0,1,0,0,0,0,0,9,0,130484,0,92,14,0,0,0,0,0,0,0,0,0,0,0,0,0,0,20,0
494,GCA,0,0,0,0,63,0,0,0,0,0,0,0,0,0,0,0,0,0,0,0,2,0,0,0,0,0,0,0,0,0,0,0,1,0,0,0,130420,0,25,13,6,0,0,0,65,0,0,12,0,0,0,0,1,0,0,0,0,0,0,0,0,0,0,0
495,CCC,0,0,0,0,0,0,0,0,0,0,0,0,0,0,0,0,0,0,0,0,45,130475,2,9,0,0,0,0,0,15,0,0,0,0,0,0,0,0,0,0,0,0,0,0,0,0,0,0,0,0,0,0,0,23,0,0,0,0,0,0,0,0,0,0
496,ACC,0,19,0,0,1,130373,23,73,0,0,0,34,0,15,0,0,0,0,0,0,0,0,0,0,0,0,0,0,0,0,0,0,0,0,6,0,0,0,0,0,0,0,0,0,0,0,0,0,0,0,0,0,0,8,0,0,0,0,0,0,0,0,0,0
497,AGG,4,0,34,0,4,0,0,0,16,8,130699,12,0,0,16,0,0,0,0,0,0,0,0,0,0,0,2,9,0,10,0,0,0,10,1,0,0,0,9,0,11,0,70,0,0,0,0,0,0,3,0,0,0,0,19,0,0,0,0,0,0,0,0,0
498,GCA,0,0,0,0,138,0,0,0,0,0,0,0,0,0,0,0,0,0,0,0,0,0,0,0,0,0,0,0,0,0,0,0,0,0,0,0,130771,0,1,0,0,0,0,0,12,0,0,0,0,0,0,0,13,0,0,2,0,0,0,0,0,0,0,0
499,AAG,8,0,130583,1,0,0,3,0,0,0,6,0,0,0,350,10,12,0,0,0,0,0,0,0,0,0,0,0,0,0,0,0,0,0,6,0,13,0,0,0,0,0,0,0,0,0,0,0,0,0,0,0,0,0,0,0,0,4,0,11,0,0,0,0
500,AGA,61,0,0,0,0,0,0,0,130949,0,8,0,0,0,0,0,0,0,0,0,0,0,0,0,0,0,0,0,0,0,0,0,0,0,0,0,0,0,0,0,1,0,0,0,0,0,0,0,0,0,0,0,0,0,0,0,0,0,0,0,0,0,0,0
501,AGA,30,0,5,0,0,0,10,0,130592,0,29,0,19,7,7,0,0,0,0,0,0,0,12,10,20,0,0,0,0,0,2,0,0,0,0,0,0,0,0,0,22,0,0,0,30,0,0,0,0,0,0,0,0,0,0,0,2,0,0,7,21,21,6,26
502,GTG,0,0,0,4,0,5,0,0,0,14,0,0,11,0,36,0,0,0,0,0,0,11,0,0,0,0,0,0,0,0,0,26,0,0,0,0,18,0,14,9,0,0,11,0,43,0,130755,5,0,0,0,0,0,0,0,3,0,0,3,0,0,0,12,0
503,GTG,0,0,0,0,3,0,0,8,0,0,0,0,0,15,28,0,0,0,0,0,0,0,0,0,0,0,0,0,0,0,9,0,0,0,0,11,0,0,15,0,0,0,0,0,20,0,130859,23,0,0,0,0,0,0,0,0,0,0,0,0,0,0,21,0
504,GGG,0,40,0,0,9,3,0,19,0,11,49,0,0,0,0,6,0,8,0,0,0,0,0,0,45,0,12,8,0,0,31,7,0,11,121,0,0,20,16,0,52,6,130615,7,0,9,0,0,0,0,0,0,7,6,0,8,0,0,2,0,0,0,6,0
505,AGA,21,0,0,0,12,0,0,0,130707,16,36,1,0,19,6,0,0,0,0,11,18,0,0,0,0,0,0,0,0,0,0,0,0,0,0,0,0,0,0,0,31,0,0,0,10,0,0,0,0,0,0,0,0,0,0,0,0,0,0,0,0,8,0,0
506,GAA,51,0,0,0,7,0,0,14,10,12,0,12,0,6,0,0,12,0,13,9,16,11,0,0,0,0,0,28,17,3,0,0,130711,0,13,6,0,11,32,12,21,0,36,4,1,0,0,11,1,8,0,15,6,5,0,0,0,0,0,0,11,10,0,8
507,AAA,130935,10,0,5,0,0,0,10,17,0,13,0,0,0,0,0,0,0,0,0,0,0,0,0,3,0,0,0,0,0,0,0,0,0,0,0,11,2,16,0,4,0,0,0,0,0,5,0,0,0,0,0,0,14,0,9,0,0,0,0,14,0,0,0
508,AGA,34,0,2,0,0,0,0,0,130498,0,19,0,8,0,0,0,0,0,0,0,0,0,0,0,10,0,5,0,0,0,0,0,0,0,2,0,0,0,0,0,346,0,0,0,0,0,0,0,0,0,0,0,0,0,0,5,1,0,0,0,13,3,0,0
509,GCA,0,13,0,27,40,12,0,11,0,6,0,32,0,0,15,33,40,44,21,22,0,0,0,0,0,11,0,0,10,0,16,5,29,19,0,28,129945,0,36,0,49,0,33,12,237,15,15,0,0,17,0,50,48,12,24,0,10,4,28,0,9,78,0,35
510,GTT,0,0,0,23,34,61,46,38,0,105,0,83,26,0,115,64,0,0,0,10,20,157,35,39,0,0,0,0,12,57,14,24,0,17,16,0,32,93,35,63,42,44,43,37,1,35,0,217648,0,16,0,8,9,88,0,65,0,0,17,0,56,24,73,174
511,GGA,19,27,0,14,16,36,54,13,40,22,0,18,39,44,13,14,70,67,21,11,65,29,15,10,0,13,0,13,14,6,24,0,555,28,116,116,0,60,70,24,217419,0,36,0,158,24,1,109,0,15,0,42,131,78,23,20,0,30,13,27,74,14,44,0
512,ATA,21,0,0,0,179,152,48,32,0,16,0,47,217221,18,286,14,0,33,0,73,232,92,12,98,0,0,0,0,22,7,18,0,0,0,0,0,7,99,24,107,122,0,67,18,64,77,30,21,0,79,23,116,55,92,73,57,0,0,15,0,0,21,0,91
513,GGA,7,52,0,36,6,36,0,0,15,12,0,115,39,0,31,40,34,56,45,57,49,16,17,0,12,0,0,0,22,15,17,0,102,51,45,42,92,14,14,11,217743,24,50,5,147,9,89,0,0,9,0,22,93,61,0,0,23,0,0,0,12,29,66,19
514,GCT,0,0,0,0,0,18,0,94,0,0,0,0,0,0,0,0,0,0,0,0,0,0,19,0,0,0,0,0,0,0,0,0,0,0,0,21,13,16,1,219697,0,12,0,2,0,0,16,48,0,0,0,0,0,0,0,21,0,0,0,0,0,0,0,13
515,GTC,0,6,0,0,0,0,32,0,0,0,0,11,0,80,30,0,0,0,0,0,0,0,0,0,0,0,0,0,0,0,10,0,0,2,0,0,4,147,24,67,152,46,80,139,39,218656,23,55,0,0,0,0,48,34,19,47,0,0,70,0,0,63,0,25
516,TTC,0,0,0,0,9,80,10,57,0,43,0,18,107,53,9,30,0,0,0,0,0,0,0,0,0,0,0,0,18,53,20,20,0,0,0,0,28,44,20,110,0,0,12,20,51,72,10,95,0,0,0,33,0,2,15,0,0,0,0,0,80,218867,25,29
517,CTT,0,0,0,0,0,0,14,0,0,0,0,0,0,0,0,74,0,0,0,7,0,0,0,41,0,0,0,10,0,44,0,219895,0,0,0,0,0,0,0,0,0,0,0,0,0,0,0,0,0,0,0,0,0,0,0,0,0,0,0,0,0,0,0,21
518,GGG,0,0,0,0,0,0,0,0,0,37,1,16,0,0,0,0,0,0,0,0,0,0,0,0,0,0,0,0,0,0,0,0,0,0,12,0,0,0,0,0,19,0,219807,1,0,27,0,0,0,0,0,0,0,0,0,0,0,0,36,0,0,0,19,0
519,TTC,0,0,0,0,0,0,0,0,0,0,0,0,0,10,0,0,0,0,0,0,0,0,0,0,0,0,0,0,0,0,0,0,0,0,0,0,0,0,0,0,0,0,0,0,0,0,0,0,0,0,0,0,0,1,0,0,0,0,0,13,33,219317,0,14
520,TTA,0,0,0,0,0,0,0,0,0,0,0,0,3,0,0,0,0,0,0,0,0,0,0,0,0,0,0,0,65,0,0,17,0,0,0,0,0,0,0,0,0,0,0,0,0,0,0,0,0,0,0,0,8,0,0,0,0,0,0,0,218985,1,94,2
521,GGA,0,0,0,20,0,24,14,0,10,14,0,0,0,0,11,12,14,0,0,0,0,0,0,0,0,0,0,0,0,0,0,10,47,0,0,0,22,43,0,0,219163,0,25,45,7,0,0,0,0,0,0,0,0,0,0,0,15,0,0,47,10,21,0,0
522,GCA,0,0,0,0,39,0,0,0,0,0,0,0,0,0,23,0,0,0,0,0,0,0,0,0,0,0,0,0,0,0,0,0,2,0,0,0,219491,2,11,0,0,0,0,0,99,0,0,0,0,0,0,0,79,0,0,0,0,0,0,0,0,0,0,16
523,GCA,0,0,0,0,150,0,0,0,0,0,0,0,0,0,0,0,0,0,0,0,4,0,0,0,0,0,0,0,0,0,0,0,0,0,0,0,219215,32,179,7,1,0,0,0,42,0,0,0,0,0,0,0,0,0,0,0,0,0,0,0,0,0,0,15
524,GGA,0,0,0,0,0,0,0,0,10,0,0,0,0,0,0,0,0,0,0,0,15,0,0,0,0,0,0,0,0,0,0,0,39,0,0,0,0,0,15,19,219667,0,46,16,1,0,0,0,0,0,0,0,0,0,15,23,13,0,0,0,0,0,0,0
525,AGC,0,80,0,0,0,0,0,18,0,219380,0,46,0,5,0,0,0,0,0,0,0,0,0,0,0,1,0,0,27,0,0,0,0,0,0,0,17,0,0,0,0,6,24,0,15,26,0,0,0,0,0,0,0,0,0,0,0,0,0,0,0,0,13,0
526,ACT,0,0,0,37,1,69,13,219964,0,0,0,0,0,0,0,0,0,0,0,0,0,0,0,0,0,0,0,0,0,0,0,0,0,0,0,0,0,0,0,10,0,0,0,0,0,0,0,0,0,0,0,0,0,0,0,3,0,0,0,0,0,0,0,0
527,ATG,0,0,0,0,0,0,3,0,0,0,7,0,10,0,219879,3,0,0,20,0,0,0,0,0,0,0,0,0,0,0,0,0,0,0,0,0,0,0,0,0,0,0,0,0,0,0,4,0,0,0,0,0,0,0,0,0,0,0,0,0,0,0,2,0
528,GGC,0,0,0,0,0,0,0,0,0,17,0,0,0,0,0,0,0,0,0,0,0,0,0,0,0,1,0,0,0,0,0,0,0,6,0,0,0,0,0,0,2,219724,0,45,0,0,0,0,0,0,0,0,0,0,0,0,0,7,0,0,0,0,18,0
529,GCG,0,0,0,0,0,0,41,0,0,0,0,0,0,0,0,0,0,0,0,0,0,0,0,0,0,0,0,0,0,0,0,0,0,0,2,0,73,0,219302,18,0,0,0,0,9,0,121,20,0,0,0,0,0,0,0,0,0,0,0,0,0,0,0,0
530,GCG,0,0,0,0,0,0,107,0,0,0,0,0,0,0,0,0,0,0,0,0,0,0,0,0,0,0,0,0,0,0,0,0,0,0,1,0,147,12,219583,35,0,0,0,0,0,0,122,0,0,0,0,0,0,0,0,0,0,0,0,0,0,0,0,0
531,TCA,0,0,0,0,27,28,6,0,0,0,0,17,0,0,0,0,0,0,0,0,42,0,0,0,0,0,0,0,0,0,0,0,0,0,0,0,56,0,0,0,40,0,10,0,0,0,0,11,2,0,0,0,219300,8,130,1,0,9,0,17,17,0,23,0
532,ATG,0,0,1,0,0,0,9,0,0,0,0,0,62,13,219402,1,0,0,0,0,0,0,0,0,0,0,0,0,0,0,0,0,0,0,0,0,0,0,0,0,0,0,0,0,0,0,14,0,0,0,0,0,0,0,0,0,0,0,0,0,1,0,0,0
533,ACG,0,0,19,0,74,1,219219,0,0,0,13,0,0,0,151,0,0,0,16,0,0,0,0,0,0,0,0,0,0,0,0,0,0,0,0,0,0,0,68,0,0,0,0,0,0,0,0,0,0,0,0,0,0,0,18,0,0,0,0,0,0,0,0,0
534,CTG,0,0,0,0,0,0,0,0,0,0,0,0,0,0,13,0,0,0,10,0,0,0,15,0,0,0,0,0,6,0,219679,0,0,0,0,0,0,0,0,0,0,0,0,0,0,0,0,0,0,0,0,0,0,0,0,0,0,0,0,0,0,0,35,0
535,ACG,0,0,0,0,60,0,219212,3,0,0,1,0,0,0,122,0,0,0,0,0,0,0,0,0,0,0,0,0,0,0,0,0,0,0,0,0,0,0,37,0,0,0,0,0,0,0,0,0,0,0,0,0,0,0,10,0,0,0,0,0,0,0,0,0
536,GTA,0,0,0,0,0,0,0,0,0,0,0,0,56,0,0,0,0,0,0,0,0,0,0,0,0,0,0,0,0,0,0,0,30,0,0,0,43,0,0,0,0,0,0,0,219701,0,13,0,0,0,0,0,0,0,0,0,0,0,0,0,2,0,0,0
537,CAG,0,0,1,0,0,0,0,0,0,0,0,0,0,0,0,0,93,0,219705,9,0,0,1,0,0,0,53,0,0,0,6,0,0,0,0,0,0,0,11,0,0,0,0,0,0,0,0,0,0,0,48,0,0,0,0,0,0,0,0,0,0,0,0,0
538,GCC,0,0,0,0,0,74,0,0,0,0,0,0,0,0,0,0,0,0,0,0,0,0,0,0,0,0,0,0,0,0,0,0,0,1,0,0,4,218396,0,46,0,0,0,0,0,74,0,0,0,0,0,0,0,14,0,0,0,0,0,0,0,0,0,0
539,AGA,15,0,0,0,0,0,0,0,219528,0,15,0,0,0,9,0,0,0,0,0,0,0,0,0,0,0,0,0,0,0,0,0,0,0,0,0,0,0,0,0,21,0,0,0,0,0,0,0,0,0,0,0,0,0,0,0,0,0,0,0,0,0,0,0
540,AAT,21,57,0,219564,0,0,0,0,0,0,0,20,0,14,0,20,0,0,0,0,0,0,0,0,0,0,0,0,0,0,0,0,0,0,0,0,0,0,0,0,0,0,0,0,0,0,0,0,0,0,0,0,0,0,0,0,0,0,0,0,0,0,0,0
541,TTA,0,0,0,0,0,0,0,0,0,0,0,0,17,0,13,0,0,0,0,0,0,0,0,0,0,0,0,0,31,0,0,0,0,0,0,0,0,0,0,25,0,0,0,0,0,0,0,0,21,0,0,0,1,0,0,0,0,0,0,0,219470,0,9,0
542,TTA,0,0,0,0,0,0,0,0,0,0,0,0,2,0,0,0,0,0,0,0,0,0,0,0,0,0,0,0,17,20,0,0,0,0,0,0,24,0,0,0,0,0,0,0,0,0,0,0,0,0,0,0,18,0,0,0,0,0,0,0,219368,0,20,0
543,TCT,0,0,0,0,0,3,0,20,0,12,0,19,0,0,0,0,0,0,0,0,0,0,0,0,0,0,0,0,0,4,21,35,0,0,0,0,0,0,0,0,0,0,0,0,0,13,0,0,0,0,0,0,0,15,26,219568,0,0,0,1,0,0,0,22
544,GGC,0,0,0,0,0,0,0,0,0,2,0,0,0,0,0,0,0,0,0,0,0,0,0,0,0,0,0,0,0,0,0,0,0,133,0,0,0,0,0,0,37,217541,16,104,0,18,0,0,0,0,0,0,0,0,0,0,0,1,0,0,0,0,0,0
545,ATA,0,0,0,0,0,0,0,0,0,0,0,9,219517,0,79,0,0,0,0,0,0,0,0,0,0,0,0,0,0,0,0,0,0,0,0,0,0,0,0,0,0,0,0,0,15,0,0,0,0,0,0,0,0,0,12,0,0,0,0,0,0,0,0,0
546,GTG,0,0,0,0,0,0,0,0,0,0,0,0,1,0,3,0,0,0,0,0,0,0,0,0,0,0,0,0,0,0,0,0,0,0,0,0,0,0,9,0,0,0,0,0,73,0,218113,0,0,0,0,0,0,0,0,0,0,0,0,0,0,0,48,0
547,CAA,0,0,0,0,0,0,0,0,0,0,0,0,0,0,0,0,219422,0,64,0,0,0,0,0,5,0,0,0,0,0,0,0,0,0,0,0,0,0,0,0,0,15,0,0,0,0,0,0,61,9,0,0,0,0,0,0,0,0,0,0,0,0,30,0
548,CAG,0,0,27,0,0,0,0,0,0,0,0,0,0,0,0,0,141,0,218686,1,0,0,13,0,0,0,12,0,0,0,11,0,0,0,29,0,0,0,0,0,0,19,17,0,0,0,0,0,0,0,5,0,0,0,0,0,0,0,0,0,0,0,0,0
549,CAA,0,0,0,0,0,0,0,0,0,0,0,0,0,0,0,0,219414,0,14,10,0,0,0,0,0,0,0,0,0,0,0,0,0,0,0,0,0,0,0,0,0,0,0,0,0,0,0,0,7,0,0,0,17,8,0,0,0,0,11,0,0,0,0,0
550,AGC,0,68,0,0,0,0,0,0,21,219189,0,57,0,16,0,0,0,0,0,0,0,0,0,0,0,1,0,0,0,0,0,0,0,0,0,0,0,0,0,0,0,5,0,0,0,13,0,0,0,0,0,0,0,13,0,0,0,0,0,0,0,0,0,0
551,AAT,7,4,0,219143,0,0,0,0,19,0,0,0,0,0,0,18,0,0,0,0,0,0,0,0,0,0,0,0,0,0,0,0,0,0,0,0,0,0,0,0,22,0,0,0,0,0,0,0,0,0,0,20,0,0,0,18,0,15,0,0,0,0,0,0
552,TTG,0,0,0,0,0,0,0,0,0,0,0,0,0,0,0,0,0,0,0,0,0,0,0,0,0,0,0,0,0,0,16,0,0,0,0,0,0,0,0,0,0,0,0,0,0,0,0,0,0,0,0,0,0,0,0,0,0,0,0,0,36,7,218328,1
553,CTG,0,0,0,0,0,0,0,0,0,0,0,0,0,0,1,0,0,0,0,0,0,0,17,0,0,0,1,0,52,77,218649,7,0,0,0,0,0,0,0,0,0,0,0,0,0,0,2,0,0,0,0,0,0,0,0,0,0,0,0,0,0,10,111,0
554,AGG,0,0,130,0,0,20,0,0,73,14,214206,27,0,0,34,13,15,0,0,40,0,0,0,0,0,0,4,4,0,16,0,0,0,0,11,0,0,0,8,0,0,0,69,0,0,0,1,0,0,0,0,0,24,0,0,30,0,0,4,0,0,0,16,0
555,GCT,0,0,0,0,0,20,0,155,0,0,0,13,0,0,0,0,0,0,0,0,0,0,0,0,0,0,0,0,0,0,0,0,0,0,0,6,1,65,1,218477,0,0,0,1,0,0,0,7,0,0,0,0,0,0,0,1,0,0,0,0,0,0,0,0
556,ATA,0,0,0,0,6,0,0,0,0,0,0,0,219482,2,172,46,0,0,0,0,0,0,0,0,0,0,0,0,0,6,0,0,0,0,0,0,0,0,0,0,0,0,0,0,1,0,6,0,0,0,0,0,0,0,0,0,0,0,0,0,0,0,6,0
557,GAG,0,0,0,0,0,0,0,0,13,0,10,20,0,0,0,0,0,0,0,0,0,0,0,0,0,0,0,0,0,0,0,0,42,27,216130,1,0,0,19,0,0,0,14,0,0,0,16,0,0,0,5,0,0,0,0,0,0,0,0,0,0,0,25,0
558,GCT,0,0,0,0,0,0,0,47,0,0,0,0,0,0,0,0,0,14,0,25,0,0,0,0,0,0,0,0,0,0,0,25,0,0,0,0,4,25,0,218637,0,0,0,0,0,0,22,1,0,0,0,0,0,0,0,23,0,0,0,0,0,0,0,0
559,CAA,22,0,0,0,0,0,0,0,0,0,0,35,0,0,0,0,219244,0,18,22,0,0,0,0,17,0,0,0,13,0,0,0,0,0,0,0,8,0,2,0,0,0,0,0,0,0,0,0,1,0,0,0,0,0,0,0,0,0,0,0,0,0,0,0
560,CAA,1,0,0,0,21,0,0,0,0,0,0,0,0,0,0,0,219024,0,4,18,0,0,0,0,3,6,0,17,1,0,0,0,0,0,0,0,0,0,0,0,0,0,0,10,0,0,0,0,26,8,0,0,0,19,0,0,0,0,0,0,0,0,0,0
561,CAT,0,0,0,16,0,0,0,21,12,0,0,0,0,0,0,0,23,23,0,218006,0,0,0,0,0,0,9,1,9,0,0,26,0,0,0,0,0,5,0,0,0,0,0,0,0,0,0,0,0,16,0,37,0,0,0,13,0,1,0,0,7,0,0,0
562,CTG,0,0,0,0,0,0,17,0,0,0,0,0,0,0,1,0,0,0,1,0,0,0,15,0,0,0,2,0,42,0,219867,1,0,0,0,0,0,0,10,0,0,0,0,0,0,0,24,0,0,0,0,0,0,0,0,0,0,16,0,0,0,0,58,0
563,TTG,0,0,0,0,0,0,0,0,0,0,0,0,0,0,0,0,0,0,0,0,0,0,0,0,0,0,0,0,0,0,27,0,0,0,0,0,0,0,0,0,0,0,0,0,0,0,0,0,0,0,0,0,0,0,36,0,0,0,0,0,3,0,220057,1
564,AAA,220080,0,33,0,12,0,0,0,42,0,20,0,0,0,0,0,0,0,0,0,0,0,0,0,0,0,11,0,0,0,0,0,2,0,0,0,0,0,0,0,0,0,23,0,0,0,0,0,0,0,0,0,0,18,0,0,0,0,1,0,0,0,0,0
565,CTC,0,0,0,0,0,0,0,0,0,12,0,0,0,2,0,0,0,13,0,0,0,26,0,0,25,2,0,0,28,219991,0,1,0,0,0,0,0,0,0,0,0,0,0,0,0,0,0,0,0,0,0,0,0,12,0,0,0,0,0,0,0,10,0,0
566,ACG,0,0,0,13,19,32,216912,43,0,0,3,35,0,0,165,0,0,37,9,0,0,0,2,0,0,0,1,0,0,0,0,0,0,0,0,0,0,0,27,0,0,0,0,0,0,0,0,0,0,0,0,7,9,12,4,7,0,0,0,0,0,0,0,0
567,GTC,0,0,0,0,0,12,0,0,0,0,0,0,0,76,0,0,0,0,0,0,0,0,0,0,0,0,0,0,0,3,0,2,0,0,0,0,0,30,31,0,0,0,0,20,0,215562,0,33,0,0,0,0,0,0,0,22,0,0,0,0,0,11,0,0
568,TGG,0,0,0,0,0,0,0,0,0,0,3,0,0,0,0,0,0,0,0,0,0,0,0,0,0,0,51,0,0,0,20,0,0,0,0,0,0,0,0,0,0,0,19,0,0,0,0,0,0,0,3,0,0,0,0,0,6,0,218171,6,0,0,5,0
569,GGC,0,0,0,0,0,0,0,0,0,50,0,0,0,0,0,0,0,0,0,0,0,0,0,0,0,0,0,0,0,0,0,0,0,133,0,0,0,1,0,0,16,216577,19,74,0,1,0,0,0,0,0,0,0,0,0,0,0,1,0,0,0,0,0,0
570,ATT,0,0,0,0,5,19,0,191,0,0,0,0,19,162,19,217619,0,0,0,0,0,0,0,0,0,10,0,0,0,0,24,0,0,0,0,0,0,0,24,0,0,0,0,0,15,43,17,9,0,0,0,0,0,0,23,0,0,0,0,0,0,0,0,14
571,AAA,218656,6,12,0,32,0,0,0,27,0,0,0,0,0,0,0,0,21,0,0,0,0,0,0,0,0,6,5,0,0,0,0,6,0,0,0,0,0,0,0,0,0,0,0,0,0,0,0,0,0,0,0,0,0,0,0,0,0,0,0,0,0,0,0
572,CAG,16,0,0,0,19,0,7,0,0,0,0,0,0,19,0,0,127,0,218231,0,0,0,1,0,0,0,42,0,0,0,0,0,0,0,1,0,0,0,10,0,0,0,0,0,0,0,36,0,3,0,102,0,0,0,22,21,0,0,16,0,0,0,0,0
573,CTC,0,10,0,0,0,0,0,0,0,0,0,0,0,16,0,0,0,0,0,0,0,1,0,0,0,0,0,0,1,211806,0,48,0,0,0,0,0,0,0,0,0,0,0,0,0,0,0,0,0,0,0,0,0,0,0,0,0,0,0,0,0,4,0,0
574,CAG,0,0,0,0,0,0,0,12,0,0,0,0,0,0,0,0,98,14,218592,2,0,0,1,0,0,0,161,0,0,0,0,0,0,0,19,0,0,0,11,0,0,0,0,0,0,0,0,0,0,0,7,0,0,0,0,0,0,0,0,0,0,0,0,23
575,GCA,0,0,0,0,79,0,0,0,0,19,0,2,0,0,7,0,0,0,0,0,0,0,0,0,0,0,0,0,0,0,0,0,0,0,0,0,217740,23,3,33,0,0,0,0,6,0,0,11,0,0,0,0,16,0,0,0,0,0,0,5,21,0,0,0
576,AGG,0,0,60,0,0,0,0,0,50,1,218428,16,0,0,33,0,0,0,0,0,0,0,0,0,0,0,20,0,0,0,0,0,0,0,0,0,15,0,0,0,0,0,18,0,0,0,0,0,0,0,0,0,0,0,0,0,0,0,0,0,0,0,0,0
577,GTC,0,0,0,0,0,0,0,0,0,0,0,0,0,91,12,0,0,0,0,0,0,0,0,42,0,0,0,0,0,16,0,0,0,0,0,0,0,6,0,0,0,0,0,0,1,215184,0,11,0,0,0,0,0,0,0,0,0,0,0,0,21,0,0,0
578,CTG,0,0,0,11,0,15,0,35,0,0,0,0,0,15,21,0,0,0,1,0,0,0,25,0,0,44,0,20,17,0,218957,52,0,0,0,0,13,0,0,0,0,0,0,0,0,0,0,0,20,0,0,0,0,0,0,0,0,4,0,16,0,0,38,0
579,GCT,0,0,0,0,0,0,0,81,0,0,0,0,0,0,0,0,0,0,0,0,0,0,0,17,0,0,0,0,13,0,0,0,0,0,0,1,0,21,4,218209,0,0,0,0,0,0,0,113,0,0,0,0,0,0,0,0,0,0,0,0,0,0,0,0
580,GTG,0,0,0,0,0,2,0,7,0,0,0,0,0,0,58,0,0,0,28,0,0,0,0,0,0,0,0,0,0,18,18,0,0,0,0,0,0,10,88,22,0,0,0,0,21,21,219164,28,0,0,0,0,0,0,16,0,0,0,0,0,0,0,34,0
581,GAA,20,0,0,0,0,0,0,0,0,0,0,0,0,0,0,0,0,0,0,0,0,0,0,0,0,0,0,0,0,0,0,0,219685,0,51,2,0,0,0,0,9,0,0,0,18,0,0,0,1,0,0,0,0,0,0,0,0,0,0,0,0,0,0,0
582,AGA,93,0,0,13,0,0,0,0,219555,0,9,0,1,0,0,0,0,0,0,23,0,0,0,0,4,0,0,0,0,0,0,0,0,0,0,0,0,0,24,0,25,0,0,0,0,0,0,0,0,0,0,0,0,0,0,0,0,0,0,0,0,0,0,0
583,TAC,0,18,0,0,0,9,0,0,0,0,0,0,0,0,0,0,0,1,0,0,0,0,0,0,0,0,0,0,0,0,0,0,0,0,0,0,0,0,0,0,0,0,0,0,0,0,0,0,16,216910,0,30,0,0,0,0,0,23,0,9,0,0,0,0
584,CTA,0,0,0,0,0,0,0,0,0,0,0,0,4,0,25,0,0,0,0,0,18,0,0,0,0,0,0,0,218755,41,2,0,0,0,0,0,0,0,0,0,0,0,0,0,16,0,0,0,0,0,0,0,18,0,0,0,0,0,0,0,41,0,0,0
585,AGG,0,0,55,0,0,0,0,0,18,24,218827,13,0,0,9,0,0,0,0,0,0,0,0,0,0,17,22,0,0,0,0,0,0,0,0,0,0,0,0,0,0,0,67,0,0,0,10,0,0,0,0,0,0,0,0,0,0,9,1,0,0,0,47,0
586,GAT,0,0,0,28,12,0,0,24,0,0,0,0,0,0,0,0,0,0,0,0,0,0,0,0,0,0,0,0,0,0,0,0,0,27,0,218711,11,0,0,0,0,0,0,0,0,0,0,4,0,0,0,0,0,13,17,0,0,0,20,18,0,0,0,0
587,CAA,58,0,20,0,0,0,0,22,0,0,0,0,0,14,19,0,218630,23,50,0,0,0,0,0,58,0,0,0,0,0,0,0,0,0,0,0,15,0,0,0,0,0,0,0,0,0,0,0,3,0,0,0,0,0,0,0,0,0,0,5,0,0,0,0
588,CAG,0,0,0,0,0,0,0,0,0,0,0,0,0,0,0,0,4,0,218650,0,0,0,1,0,0,0,41,0,0,0,2,0,0,0,0,0,0,0,0,0,0,0,0,0,9,0,0,0,0,0,11,0,0,0,0,0,0,0,0,0,0,0,0,0
589,CTT,0,0,0,0,0,0,0,0,0,0,0,0,0,0,0,1,0,0,0,0,0,0,0,0,0,0,0,0,41,26,35,218352,0,0,0,0,0,0,0,0,0,0,0,0,0,0,0,0,0,0,0,34,0,0,0,0,0,0,0,0,15,0,0,43
590,CTA,0,0,0,0,0,0,0,0,0,0,0,0,39,19,0,0,0,0,0,0,13,0,0,0,19,0,0,13,219071,11,54,74,0,0,0,0,0,0,0,0,14,0,0,0,1,0,0,12,0,0,0,0,0,0,0,0,0,0,1,0,26,0,0,19
591,GGA,0,11,0,40,14,0,0,0,62,16,8,28,0,0,0,15,15,4,0,9,0,0,0,0,2,0,18,13,0,0,0,0,43,0,5,0,0,18,17,14,218662,27,16,36,2,0,0,16,0,0,0,0,23,15,0,0,5,0,16,24,0,0,0,0
592,ATT,0,0,0,1,15,0,0,1,0,0,0,0,87,1,17,218480,0,0,0,0,0,0,0,0,0,0,0,0,12,0,0,57,0,0,0,0,0,0,0,0,0,0,0,0,0,0,0,24,0,0,0,0,0,0,0,0,21,0,0,0,23,0,11,0
593,TGG,0,0,0,0,0,0,0,0,0,0,0,0,0,0,0,4,0,0,0,0,0,0,0,0,0,0,32,0,0,0,0,0,0,0,0,0,0,0,0,0,0,0,6,0,9,0,0,0,0,0,15,0,0,0,0,0,24,0,218907,12,0,0,25,0
594,GGC,0,0,0,0,0,0,0,0,0,28,0,0,0,0,0,0,0,0,0,0,0,0,0,0,0,0,0,0,0,0,0,0,0,78,0,0,0,0,0,0,18,218740,0,152,0,19,0,0,0,0,0,0,0,0,0,0,0,2,0,0,0,0,0,0
595,TGC,0,0,0,0,0,0,0,0,0,0,0,0,0,0,0,0,0,0,0,0,0,0,0,0,0,29,0,0,0,0,0,0,0,0,0,0,0,0,0,0,0,0,0,0,0,0,0,0,0,134,0,0,0,0,0,0,1,218900,0,46,0,0,0,0
596,TCT,0,28,0,0,0,0,0,17,0,0,0,0,0,0,0,0,0,0,21,0,0,0,12,72,0,0,0,0,0,0,0,0,0,0,0,0,44,0,17,12,37,0,0,0,0,0,19,0,0,0,0,51,19,196,2,218690,0,0,0,0,0,0,0,0
597,GGA,0,0,0,0,13,0,0,83,55,0,23,35,0,16,25,0,0,27,0,0,0,0,0,0,14,0,0,0,14,0,0,18,66,14,21,0,5,0,17,33,218751,23,49,28,30,22,4,33,0,0,0,0,21,19,22,19,12,0,0,0,0,0,0,0
598,AAA,218656,0,40,0,14,0,5,0,26,0,23,0,0,0,17,0,0,38,0,29,0,0,0,0,0,17,0,6,0,0,0,0,0,0,0,0,0,0,0,0,0,0,0,0,0,0,0,0,0,0,0,0,0,0,0,0,0,0,0,0,0,0,0,8
599,CTC,0,0,0,0,0,0,0,0,0,0,0,0,0,88,22,11,9,1,0,0,0,9,0,0,0,0,0,0,47,217665,1,40,11,0,0,0,0,25,0,14,0,0,0,0,0,0,0,0,0,0,0,0,0,0,0,0,23,0,0,23,0,32,0,26
600,ATC,0,0,0,0,0,0,0,0,0,0,0,0,1,216781,0,40,0,0,0,0,0,0,0,0,0,0,0,0,0,0,0,0,0,0,0,0,0,0,0,0,0,0,0,0,0,11,0,0,0,0,0,0,0,0,0,0,0,0,0,0,0,0,0,0
601,TGC,0,0,0,0,0,0,0,0,0,1,0,0,0,0,0,0,0,0,0,0,0,0,0,0,0,17,0,0,0,0,0,0,0,0,0,0,0,0,0,0,0,0,0,20,0,0,0,0,0,55,0,0,0,0,0,0,0,218903,0,172,0,1,0,0
602,ACC,0,15,0,0,9,218901,0,52,13,0,0,33,0,41,0,0,0,0,0,0,0,21,16,27,0,0,0,0,0,0,0,0,0,12,0,0,0,2,0,20,0,0,0,0,19,0,0,0,0,0,32,0,0,0,0,0,0,25,0,0,23,0,0,0
603,ACT,0,0,0,4,49,76,24,219178,0,0,0,0,0,0,0,1,0,0,0,0,0,0,0,0,0,0,0,0,0,0,0,0,0,0,0,0,0,0,0,2,0,0,0,0,0,0,0,0,0,0,0,0,0,0,0,17,0,0,0,0,0,0,0,0
604,AAT,0,22,0,219114,21,1,0,45,0,8,0,23,0,0,0,32,0,0,0,9,0,0,0,0,0,0,0,0,10,0,0,0,22,14,0,43,0,26,0,0,0,0,0,27,0,0,0,11,20,0,0,0,0,0,0,27,0,0,0,0,30,0,0,0
605,GTG,0,0,0,0,0,0,0,0,0,0,0,0,0,0,24,0,0,0,0,0,0,0,0,0,0,0,0,0,0,0,2,0,0,0,0,0,0,0,4,0,0,0,0,0,195,0,219242,10,0,0,0,0,0,0,0,0,0,0,0,0,0,0,20,0
606,CCC,5,0,0,0,5,0,0,7,0,0,0,0,10,5,0,0,0,20,2,0,12,85008,17,5,0,0,0,0,0,15,0,0,8,0,7,3,0,7,0,4,16,0,0,0,0,0,0,0,0,0,0,0,6,18,7,0,0,0,0,0,19,0,10,0
607,TGG,0,0,0,0,0,0,0,0,0,0,4,0,0,0,0,0,0,0,0,0,0,0,0,0,0,0,67,0,0,0,0,0,0,0,0,0,0,0,0,0,0,0,5,0,0,0,0,0,0,0,2,0,0,0,0,0,2,0,85127,0,0,0,1,0
608,AAC,0,85110,0,7,0,0,0,0,0,0,0,0,0,0,0,10,0,0,0,0,0,0,0,0,0,0,0,0,0,0,9,0,0,2,0,0,0,0,0,0,0,0,0,0,0,0,0,0,0,0,0,0,0,0,0,0,0,0,0,0,0,0,0,4
609,TCT,0,0,11,0,0,0,0,5,0,0,0,0,8,0,5,0,0,0,0,0,0,0,0,1,0,0,0,3,4,0,0,0,0,0,0,0,0,0,0,0,0,0,0,0,4,0,0,8,0,0,0,24,0,3,0,85117,0,0,0,0,7,0,0,26
610,AGT,7,0,0,1,9,6,0,0,3,0,0,85088,4,0,13,1,0,0,0,0,0,0,0,0,0,0,10,0,0,0,0,0,0,0,0,0,0,0,0,0,0,0,0,12,0,0,0,0,0,0,0,0,23,0,16,4,0,0,0,0,0,0,0,0
611,TGG,0,0,0,0,0,0,0,0,0,0,10,0,0,0,0,0,6,0,0,0,0,0,0,0,0,0,3,0,0,0,0,0,0,0,0,0,0,0,0,0,0,0,0,0,0,0,0,0,5,0,13,0,0,0,0,0,2,0,85241,1,0,0,0,0
612,AGT,0,0,0,16,0,0,0,4,8,2,0,84989,0,0,0,0,0,0,0,0,0,0,0,0,0,0,0,0,0,6,0,0,0,0,0,0,0,0,4,0,0,0,0,45,0,0,4,2,7,0,0,0,15,2,0,0,0,0,0,13,0,0,0,0
613,AAT,6,29,0,85095,12,0,5,0,0,0,0,0,0,0,1,0,0,0,0,0,0,0,0,0,0,0,4,0,0,0,0,0,0,0,4,2,0,0,0,0,4,0,0,0,2,0,3,0,0,0,0,9,7,0,3,12,0,14,1,10,10,1,0,0
614,AGA,9,0,0,0,0,0,0,0,85117,0,14,9,0,0,0,0,0,0,3,10,0,0,0,0,0,0,0,0,0,9,0,0,0,0,0,0,0,0,0,8,39,0,0,0,0,0,0,0,0,0,0,0,0,0,0,0,3,0,0,6,10,1,6,0
615,AAC,9,84953,10,14,1,21,0,8,6,17,0,0,10,7,0,12,0,0,1,14,0,0,6,5,0,0,0,0,0,0,0,7,0,5,5,4,4,0,0,0,0,9,0,19,0,10,4,2,0,3,0,0,6,21,2,4,0,0,0,12,0,0,0,9
616,CTG,0,0,0,0,0,0,0,0,4,0,0,0,12,0,0,0,0,6,1,0,0,0,35,0,0,0,0,0,23,10,85063,1,0,0,0,0,0,0,0,0,0,0,0,0,0,0,10,0,0,0,0,7,9,0,14,0,0,0,12,0,7,0,34,5
617,AGT,0,6,0,26,1,0,0,1,14,6,0,84895,17,14,0,0,0,8,3,0,0,0,0,0,9,12,0,3,0,0,0,0,0,5,12,5,13,0,0,15,0,0,0,34,12,0,0,0,0,0,0,0,0,0,0,1,0,0,5,4,3,0,2,7
618,GAG,0,0,21,0,0,0,0,0,0,11,7,0,0,0,0,0,9,5,7,0,0,0,0,0,0,0,0,0,8,0,0,5,50,0,84867,16,0,0,8,0,0,0,12,0,4,0,1,18,0,11,1,1,0,11,0,0,0,0,0,0,5,0,0,6
619,ATA,0,0,0,0,1,0,0,0,0,0,0,0,85074,0,10,6,0,0,0,0,0,0,0,0,0,2,0,0,0,0,0,0,0,0,0,0,0,0,0,0,0,0,0,0,0,0,20,0,0,0,0,0,0,0,0,0,0,0,0,0,13,0,0,0
620,TGG,0,0,0,0,0,0,0,0,0,0,8,0,0,0,0,0,0,0,0,0,0,0,0,0,0,0,11,0,0,0,0,0,0,0,0,0,0,0,0,0,0,0,0,0,0,0,0,0,0,0,32,0,0,5,0,0,19,0,85085,2,0,0,6,0
621,GAC,0,20,0,5,6,0,0,0,8,0,0,0,0,0,10,0,10,0,0,11,0,0,0,12,0,0,0,0,0,0,0,0,18,84949,10,62,11,0,6,9,2,18,0,12,0,0,0,8,0,3,0,0,0,0,0,0,0,4,0,0,12,0,0,0
622,AAC,9,84970,2,32,0,12,0,5,0,13,0,0,0,12,0,0,0,9,19,20,0,0,0,0,0,0,0,0,7,3,6,0,0,4,0,4,6,10,0,3,0,12,10,0,3,0,0,22,0,11,0,3,8,3,0,6,0,1,0,0,4,15,10,2
623,ATG,0,0,6,0,0,13,5,24,0,0,14,0,19,8,85125,16,0,0,0,0,0,0,0,0,0,0,3,0,10,1,0,5,0,0,0,0,0,0,0,0,0,0,0,0,0,0,16,0,0,12,0,9,0,0,0,0,0,0,0,0,0,0,10,5
624,ACC,0,6,0,0,12,85084,0,23,0,5,0,0,6,9,0,0,0,0,0,0,0,0,0,0,0,0,0,0,0,0,0,0,0,2,0,0,0,11,0,0,0,0,0,0,0,7,0,0,11,0,0,0,20,17,4,0,0,0,0,0,0,0,0,0
625,TGG,0,0,0,0,0,0,0,0,0,0,8,0,0,0,0,0,0,0,0,0,0,0,0,0,0,0,2,0,0,0,0,0,0,0,5,0,0,0,0,0,0,0,0,0,0,0,0,0,0,0,10,0,0,0,0,0,26,0,85179,0,1,7,10,0
626,CTG,0,0,5,11,0,0,0,0,0,2,3,10,0,8,20,14,16,5,13,6,12,0,6,13,6,0,4,0,69,0,84642,0,0,0,0,0,0,23,0,9,6,0,8,0,22,0,4,0,0,6,0,0,14,4,0,9,0,9,6,0,4,0,42,5
627,CAA,15,6,0,0,1,22,0,0,0,0,10,4,0,0,9,3,84867,0,6,10,9,0,0,0,15,11,0,0,23,0,0,0,3,0,0,0,0,3,0,0,0,0,0,0,9,0,0,0,28,0,0,0,0,0,0,0,0,0,0,0,0,0,0,0
628,TGG,0,0,0,0,0,0,0,0,0,0,4,0,0,0,0,0,0,0,0,0,0,0,0,0,0,0,8,0,0,0,0,0,0,0,0,0,0,0,0,0,0,0,0,0,0,0,0,0,0,0,0,0,0,0,0,0,8,0,85106,9,0,0,6,0
629,GAT,6,0,0,27,0,0,0,0,0,2,0,0,0,0,0,0,3,0,0,20,0,0,0,0,0,0,4,0,0,0,0,0,3,1,2,85043,0,0,0,0,0,0,3,18,10,0,0,0,0,0,0,7,3,3,0,0,0,0,0,0,0,0,0,0
630,AAA,84920,22,15,16,6,6,0,12,31,0,6,0,0,0,13,0,0,8,0,0,0,0,0,0,0,0,0,5,8,0,1,8,43,0,0,9,0,7,0,17,2,0,0,0,10,0,4,0,0,15,0,0,8,4,0,0,0,0,0,0,5,8,0,5
631,GAA,1,0,0,7,0,2,0,0,0,0,8,7,0,0,6,4,19,0,0,0,0,0,0,0,0,0,0,7,0,0,0,0,85127,0,0,0,0,0,9,0,0,0,0,16,8,0,0,5,0,0,0,0,0,0,0,0,0,0,0,0,4,0,0,4
632,ATT,0,0,0,8,0,8,0,9,0,0,0,0,0,4,0,85218,0,0,0,0,0,0,4,0,3,0,0,0,11,0,0,0,0,0,0,0,0,0,0,0,0,0,0,0,7,0,0,0,0,0,0,0,0,0,0,0,0,0,0,0,0,0,0,10
633,AGC,0,21,0,0,0,0,0,0,15,84989,0,43,0,2,0,0,0,0,0,0,0,0,0,0,0,0,20,5,0,0,5,0,0,0,0,14,0,0,0,0,9,29,7,19,0,5,8,0,0,0,0,13,10,0,13,2,0,3,0,0,0,0,4,3
634,AAT,13,2,0,85135,19,0,0,0,0,0,0,0,0,0,0,0,0,0,0,0,0,0,0,0,0,0,0,0,4,0,0,10,0,0,0,16,0,5,6,0,2,0,0,1,5,0,0,0,0,0,0,0,0,0,0,0,0,0,0,0,0,1,0,6
635,TAC,0,10,4,14,0,4,0,0,0,4,0,0,0,0,14,0,0,19,0,4,0,0,0,0,0,0,0,0,6,0,0,0,0,0,0,0,0,0,0,0,0,0,0,0,0,0,12,5,13,85041,0,38,11,3,5,0,0,8,4,0,1,5,0,3
636,ACA,8,7,9,0,85062,0,2,8,0,0,0,10,9,0,12,0,0,4,0,23,0,0,0,0,0,5,12,0,0,0,0,0,0,0,0,0,8,0,0,3,0,0,0,0,6,0,0,8,0,2,0,0,0,13,0,0,0,0,0,0,0,0,6,4
637,CAG,0,6,14,0,8,0,0,0,0,0,0,0,0,0,0,0,7,0,84940,40,7,0,0,0,0,0,2,12,0,5,0,0,0,0,8,0,0,0,2,0,1,11,5,0,0,0,0,0,0,0,14,18,0,0,0,0,0,7,0,0,2,0,0,6
638,ATA,0,0,0,0,0,0,33,0,0,8,0,0,84952,0,13,5,4,0,0,13,0,0,0,0,0,0,0,0,4,0,0,0,0,0,0,0,0,0,1,0,11,0,0,0,0,0,0,15,0,0,0,0,0,11,17,5,0,0,27,0,14,0,7,0
639,ATA,1,0,0,0,0,0,0,0,0,0,0,0,85070,7,14,0,0,0,0,0,0,0,0,0,0,0,0,0,0,0,0,0,0,0,0,0,0,0,0,0,0,0,0,0,3,0,0,0,0,0,0,0,0,0,0,0,7,0,0,0,0,0,0,0
640,TAT,0,0,0,0,0,0,0,0,0,0,0,0,0,0,0,0,0,0,0,0,0,0,0,0,0,5,0,0,0,0,0,0,0,0,0,0,0,0,0,0,0,0,0,0,0,0,0,0,18,1,0,85080,0,0,0,0,0,0,0,11,0,0,0,0
641,GGG,0,0,0,0,0,0,10,0,0,0,28,0,0,0,4,0,0,0,0,0,0,7,0,0,0,0,0,0,0,0,9,0,0,4,37,0,0,26,17,4,38,4,83926,24,0,0,4,0,8,0,0,0,0,0,0,12,0,0,29,6,0,0,0,6
642,CTA,0,0,0,0,0,0,0,0,0,0,0,0,8,0,3,0,0,6,0,0,18,0,0,0,0,0,0,0,85051,0,12,6,0,0,0,0,0,7,7,4,0,0,0,0,0,0,0,0,0,9,0,0,0,0,1,0,0,0,0,0,52,0,0,0
643,CTT,0,0,0,0,0,0,0,0,0,0,0,7,20,5,0,0,0,0,0,0,0,0,0,8,0,0,0,0,0,37,3,85014,0,0,0,0,0,0,0,0,0,0,0,0,0,0,0,10,0,0,0,0,0,0,0,0,0,0,0,0,2,0,8,3
644,GAA,5,0,0,0,0,0,0,0,0,0,0,0,0,0,0,1,2,0,0,0,0,0,0,0,0,0,0,0,7,10,0,0,84983,0,20,10,0,0,0,0,31,0,11,55,0,0,0,0,0,5,0,0,0,0,0,0,0,0,0,0,0,0,0,0
645,GAA,2,21,0,0,0,6,0,0,0,0,0,15,0,8,0,0,0,0,0,0,0,0,0,0,0,0,0,0,0,9,14,0,84862,31,10,0,4,0,0,1,0,5,0,0,1,0,12,6,0,11,0,15,0,0,9,0,0,29,18,0,28,8,7,14
646,TCG,10,0,0,5,6,0,5,0,0,0,0,6,0,0,4,0,10,0,24,0,0,0,1,0,5,0,6,0,0,0,0,3,17,5,17,5,8,14,6,19,9,0,14,0,3,0,0,0,0,20,0,12,86,0,84583,0,0,0,0,0,0,0,45,0
647,CAG,0,0,0,0,0,0,0,0,0,7,9,0,0,0,0,0,21,0,84609,0,0,0,1,0,0,0,35,3,0,0,1,0,0,0,0,0,0,0,6,0,0,0,0,0,0,0,0,0,0,4,14,0,6,0,0,0,0,0,0,0,0,0,0,12
648,AAC,4,85192,0,13,11,0,0,0,0,3,0,0,0,0,5,0,0,0,0,0,0,0,0,0,0,0,0,0,0,0,0,0,0,4,0,0,0,0,0,0,0,0,0,0,0,0,0,0,0,0,0,7,0,0,0,0,0,0,0,0,0,0,0,0
649,CAG,0,9,0,4,5,0,0,0,0,0,0,16,0,0,0,0,19,11,83990,7,0,0,0,0,0,0,2,0,0,0,0,0,0,6,6,5,0,5,0,0,0,0,0,4,0,4,0,6,0,5,21,0,0,0,10,0,0,0,7,0,0,0,0,0
650,CAG,0,0,7,0,0,0,0,0,0,0,0,0,0,6,0,0,11,23,84398,6,0,0,1,0,0,0,16,0,0,0,0,0,0,0,0,0,0,0,0,0,0,0,0,0,3,0,0,6,0,0,54,0,0,0,0,0,0,0,0,0,0,0,0,0
651,GAA,3,0,0,0,0,0,0,0,0,0,0,0,0,0,0,0,0,0,0,0,0,0,0,0,0,0,0,0,9,0,0,0,84966,4,0,0,0,0,0,0,2,0,0,0,0,0,0,0,0,0,0,0,0,0,0,0,0,0,0,0,0,0,0,0
652,AAG,24,0,84823,7,0,0,1,0,3,0,86,0,6,2,9,11,0,0,3,4,0,0,4,0,0,0,0,7,0,6,12,3,0,0,11,0,0,0,16,0,0,0,0,0,0,0,0,6,0,0,0,0,0,0,4,0,0,0,0,0,4,0,19,0
653,AAT,0,1,0,84628,0,0,0,12,5,7,12,23,0,0,3,0,0,0,0,0,0,0,0,0,0,2,0,0,0,0,0,0,5,9,4,46,0,5,14,7,0,7,4,8,5,0,0,0,0,0,0,0,0,11,9,0,0,0,0,24,0,0,0,0
654,GAA,46,3,0,0,0,0,0,0,0,0,0,0,0,5,4,8,0,0,0,0,0,0,0,0,0,0,0,0,3,0,0,12,84866,0,10,0,0,0,0,0,19,0,0,0,0,0,4,0,0,0,0,20,0,0,6,5,0,0,0,0,7,0,0,14
655,CAA,0,0,2,11,0,0,0,0,0,0,0,8,0,0,0,0,84791,8,5,6,0,0,0,0,4,0,0,3,1,50,5,5,0,0,7,4,0,0,0,0,0,0,0,0,0,0,6,7,14,9,0,0,0,0,0,0,0,0,3,0,4,0,4,0
656,GAC,0,3,0,0,5,0,0,0,0,0,0,6,0,0,0,0,0,0,0,6,0,0,0,0,0,0,0,0,0,0,0,0,29,84429,0,27,3,0,9,0,0,2,0,0,0,10,19,0,0,0,5,0,11,0,0,0,0,0,0,0,0,0,0,0
657,TTA,0,0,0,0,0,0,0,0,0,0,0,0,0,0,0,0,0,0,0,0,0,0,0,0,0,0,0,0,0,0,1,0,0,0,0,0,0,0,0,0,0,0,0,0,0,0,0,0,0,0,0,0,13,0,0,0,0,0,5,0,85303,0,10,0
658,TTG,0,0,0,4,0,0,0,0,0,0,0,0,1,0,7,0,0,0,5,0,0,0,0,0,0,0,0,0,0,0,0,8,0,0,0,0,0,0,0,0,0,0,0,0,0,0,0,0,0,0,6,0,0,0,2,0,0,0,6,0,21,0,85230,12
659,GCA,0,0,0,0,31,0,0,0,0,0,0,0,0,0,0,0,0,0,7,0,0,0,0,0,0,0,0,0,0,0,0,0,0,0,0,0,85148,4,7,1,0,0,0,13,25,0,0,0,0,0,0,0,23,0,0,0,0,0,0,0,0,0,0,0
660,TTG,0,0,0,0,0,0,0,0,0,0,0,0,0,0,0,0,0,0,0,0,0,0,0,0,0,0,0,0,0,0,3,0,0,0,0,7,0,0,0,0,0,0,0,0,0,0,0,0,0,7,0,0,0,0,2,0,0,0,25,0,18,2,85220,9
661,GAT,0,12,0,32,17,6,10,18,0,0,0,35,0,0,0,0,0,0,5,0,0,0,0,0,9,0,9,0,0,0,0,0,7,0,0,84193,0,0,3,2,12,11,0,31,0,0,0,1,0,0,0,2,0,5,10,4,0,0,0,0,0,1,0,0
662,AAG,37,0,84008,11,0,22,5,0,0,1,30,24,0,0,0,0,0,4,0,0,0,0,0,0,0,0,0,0,0,0,0,0,0,4,22,0,0,0,0,9,0,0,7,0,0,0,0,0,0,0,0,0,0,0,23,0,0,0,0,0,0,0,0,0
663,TGG,0,0,0,0,0,0,0,0,0,0,0,0,0,0,0,0,0,0,0,0,0,0,0,0,0,0,3,0,0,0,0,0,0,0,0,0,0,0,0,0,0,0,0,0,0,0,0,0,0,0,1,0,0,0,0,0,1,0,84696,0,0,0,1,0
664,GCA,0,0,0,0,38,0,0,0,0,0,4,0,0,7,1,0,3,0,0,10,0,0,3,0,13,6,0,0,0,0,0,0,0,0,0,8,83757,0,2,9,20,0,0,0,86,0,4,0,0,15,0,0,5,8,0,6,0,0,0,7,5,0,0,0
665,AGT,0,0,0,17,0,7,0,0,1,4,0,84540,0,0,0,8,8,0,0,0,0,0,0,2,0,0,5,0,4,0,0,0,0,0,0,0,8,7,2,0,0,0,0,10,0,0,2,0,0,0,0,0,0,0,8,8,0,0,0,7,0,0,0,0
666,CTG,0,0,0,0,7,0,0,0,0,0,0,0,0,0,17,0,0,0,2,5,0,0,27,0,0,0,2,0,54,0,84308,10,0,0,0,0,0,0,0,0,0,0,0,0,0,0,0,0,0,0,0,0,0,0,0,0,0,0,0,0,5,0,6,0
667,TGG,0,0,0,0,0,0,0,0,0,0,5,0,7,0,0,0,4,0,0,0,0,0,0,0,0,0,12,0,0,0,0,0,3,0,0,0,0,0,0,0,0,0,10,0,0,0,0,0,0,0,1,0,0,0,1,0,8,0,84176,1,0,0,4,3
668,AAT,4,0,0,84918,0,0,0,0,0,0,0,11,0,0,0,0,0,0,7,0,0,0,0,0,0,0,0,0,0,0,0,0,0,0,8,0,0,0,0,0,0,0,0,0,0,0,0,11,0,0,0,1,0,0,0,2,0,0,0,0,0,0,14,0
669,TGG,2,0,0,0,0,0,0,4,0,0,1,0,0,0,0,0,0,0,0,0,0,0,0,0,0,0,0,0,0,0,0,0,0,0,0,0,0,0,6,0,0,0,0,0,0,0,0,0,0,0,9,0,0,0,0,0,1,0,85082,0,0,0,19,0
670,TTT,0,0,0,0,0,0,0,0,0,0,0,0,0,0,0,1,0,0,0,0,0,0,0,0,0,0,0,0,0,0,6,1,0,0,0,0,0,0,0,0,0,0,0,0,0,0,7,0,0,0,0,0,0,0,0,0,0,0,0,0,0,10,0,84677
671,GAC,0,12,0,4,0,0,0,0,0,0,0,0,0,0,0,0,0,0,0,0,0,0,0,0,0,4,0,0,0,0,0,0,0,84735,8,29,7,1,0,0,0,16,0,0,0,7,0,0,0,0,0,0,0,0,0,3,0,0,0,0,0,0,0,0
672,ATA,0,0,11,0,27,0,0,0,0,0,0,0,84723,6,0,0,0,0,0,0,0,0,0,0,0,0,0,0,0,0,0,0,0,0,0,0,0,0,0,0,0,0,0,0,0,0,0,0,0,0,0,0,0,0,0,0,0,0,0,0,0,0,0,0
673,TCA,0,0,0,0,0,0,0,22,0,0,0,0,7,5,0,13,0,0,0,0,4,0,0,0,0,0,0,0,0,0,6,0,0,0,0,0,0,0,0,0,0,0,0,0,0,0,4,0,0,0,0,0,84761,0,0,0,0,0,0,0,21,0,0,0
674,AAC,9,85114,0,34,0,0,0,0,0,3,0,0,0,0,0,3,0,5,0,0,0,0,0,0,0,6,0,0,0,5,16,0,6,0,0,0,0,0,0,0,0,0,0,0,0,0,0,4,1,0,0,0,0,0,0,0,0,0,0,0,0,0,0,0
675,TGG,0,0,0,0,0,0,0,0,0,0,0,0,0,0,0,0,0,0,0,0,0,0,0,0,0,0,0,0,0,0,0,0,0,0,0,0,0,0,0,0,0,0,0,0,0,0,0,0,0,0,0,0,0,0,0,5,31,0,84987,2,0,0,0,0
676,CTG,0,0,0,0,0,0,0,0,0,0,0,0,0,0,1,0,0,0,0,0,1,0,0,0,0,0,0,0,45,0,84133,4,0,0,0,0,0,0,0,0,0,0,0,0,0,0,0,0,0,0,0,0,0,0,0,0,0,0,0,0,0,0,50,0
677,TGG,0,0,0,0,0,0,0,0,0,0,0,0,0,0,0,0,0,0,0,0,0,0,0,0,0,0,5,0,0,0,0,0,0,0,0,0,0,0,0,0,0,0,2,0,12,0,0,0,0,0,14,0,0,0,0,0,14,0,84790,0,0,0,0,0
678,TAT,0,0,0,0,0,0,0,0,0,0,0,0,0,0,0,0,0,0,0,4,0,0,0,0,0,0,6,0,0,0,0,0,0,0,0,0,0,0,0,0,0,0,0,0,0,0,0,0,0,36,0,85248,0,0,0,0,0,0,0,0,0,0,0,0
679,ATA,0,0,0,0,0,0,0,0,0,0,0,0,85173,0,10,10,12,0,0,0,0,0,0,0,0,0,0,0,0,0,0,0,0,0,0,0,0,0,0,0,0,0,0,0,0,0,0,0,0,0,0,0,0,0,0,0,0,6,0,0,0,0,0,0
680,AAA,84889,0,0,10,0,0,0,0,11,0,6,0,0,0,0,0,0,0,0,0,0,0,0,0,0,0,0,5,0,0,0,0,0,0,0,0,0,0,0,0,0,0,0,0,0,0,0,0,0,0,0,8,0,0,0,0,0,0,0,0,0,0,0,0
681,ATA,0,6,0,0,0,14,0,0,0,0,0,0,84634,8,0,9,0,0,0,0,0,0,0,0,0,0,0,0,0,9,6,5,0,0,0,0,0,0,0,0,0,0,0,0,0,0,0,0,0,0,0,0,0,14,0,0,0,10,0,0,17,0,21,0
682,TTT,0,0,0,0,0,0,0,0,0,8,0,0,0,0,0,4,0,0,0,0,0,0,0,0,0,0,0,0,5,0,0,0,0,0,0,0,0,0,0,0,0,0,0,0,0,0,0,0,0,0,0,0,0,5,0,14,0,0,0,12,7,9,4,84816
683,ATA,9,0,0,0,1,0,0,6,0,0,0,0,84919,0,2,0,0,0,4,0,0,0,0,0,0,0,0,0,0,0,0,0,0,0,0,0,0,0,0,0,0,0,0,0,7,0,0,8,0,0,0,0,0,0,0,0,0,0,0,0,0,0,0,0
684,ATG,0,5,0,0,0,0,0,0,0,0,0,0,43,0,84913,1,0,0,0,0,0,0,6,0,0,0,0,0,0,0,0,0,0,0,0,0,0,0,4,0,6,0,6,0,5,0,7,0,0,0,0,0,0,0,0,0,0,0,0,0,0,0,0,0
685,ATA,6,0,0,0,15,0,0,0,0,19,0,0,84680,0,31,4,0,0,0,0,0,0,0,0,0,0,0,0,0,0,0,0,0,0,0,0,4,0,0,0,0,0,7,0,0,0,0,0,0,11,0,0,0,0,0,0,0,0,0,0,8,0,0,0
686,GTA,0,0,0,0,0,0,0,0,0,0,0,4,10,0,0,6,0,0,0,0,0,0,0,0,0,0,0,0,0,0,6,0,0,0,0,0,2,0,0,0,3,0,4,0,84969,0,27,0,0,0,0,0,0,9,0,0,0,0,0,0,10,0,18,0
687,GGA,0,0,0,0,0,0,0,0,12,0,0,0,3,0,0,0,0,0,0,0,0,0,8,0,0,0,0,0,0,0,0,0,12,0,0,0,1,0,0,0,84725,0,21,5,0,0,0,0,0,0,0,0,0,0,1,0,13,0,0,5,0,0,0,0
688,GGC,0,0,0,0,0,0,0,0,0,45,0,0,0,0,0,0,0,0,0,0,0,0,1,1,0,0,0,0,0,0,0,0,0,15,0,0,8,0,0,0,13,84730,8,23,0,6,0,0,0,0,0,1,0,0,0,0,0,20,0,0,0,0,0,0
689,TTA,0,0,0,0,2,3,0,0,0,0,0,0,12,10,9,0,0,0,1,0,0,0,0,0,0,0,0,0,3,0,0,0,0,0,0,0,0,0,0,0,0,3,6,0,0,10,0,8,0,9,0,10,22,9,0,0,0,0,0,0,84735,0,4,11
690,ATA,0,0,0,0,13,0,0,0,0,0,0,6,84969,6,24,0,0,9,7,0,0,0,0,0,0,0,0,0,5,17,0,8,0,0,0,0,0,0,0,0,10,0,0,9,6,0,0,8,0,10,0,0,10,0,0,0,0,2,0,0,0,0,0,1
691,GGA,0,0,0,0,8,0,0,0,1,0,0,0,0,0,0,0,9,0,0,0,11,6,0,0,8,0,0,0,0,0,0,0,16,0,0,0,9,0,0,8,84952,8,0,1,22,0,0,0,0,0,0,0,12,0,0,8,11,0,0,0,1,0,0,0
692,TTA,2,0,0,0,11,1,0,0,0,2,0,14,13,3,0,11,4,0,0,0,0,4,6,0,0,0,0,0,6,0,3,0,0,0,0,0,5,5,0,0,0,0,3,0,0,6,2,0,0,7,0,0,14,0,0,11,0,5,7,0,84788,4,29,4
693,AGA,37,0,0,0,0,3,0,0,84819,0,5,3,11,0,0,0,0,0,7,0,3,0,0,0,3,7,10,16,0,0,0,0,0,0,0,0,0,0,0,0,9,0,0,15,0,0,0,6,0,0,0,0,0,3,0,0,0,8,7,13,0,4,0,0
694,ATA,0,0,0,0,4,0,1,1,0,0,0,0,85022,0,8,8,0,0,0,0,0,0,0,0,0,0,0,0,0,0,11,7,0,0,0,0,0,0,0,0,15,5,14,0,3,0,10,12,0,0,0,0,0,0,0,0,0,9,2,0,5,0,5,19
695,GTT,11,0,0,6,5,5,0,0,0,0,0,0,3,5,0,21,0,0,0,9,0,0,0,8,0,0,0,0,11,0,0,5,0,0,0,0,2,0,3,8,0,0,4,7,18,26,5,84855,0,0,0,3,0,0,6,0,0,5,5,16,0,0,0,16
696,TTT,0,0,0,6,0,0,0,0,0,0,4,0,0,7,0,25,0,5,5,0,8,0,0,0,0,0,10,0,0,0,0,14,5,0,0,0,11,0,0,0,0,0,15,0,3,9,3,0,0,0,0,3,0,2,6,0,0,0,0,0,11,11,0,84868
697,GCT,13,0,0,0,0,0,5,30,0,0,0,0,3,22,0,0,0,0,0,0,0,0,0,10,0,0,0,0,0,6,0,0,0,0,0,15,9,9,2,84646,0,4,0,0,0,0,2,76,0,12,0,0,0,0,0,29,0,9,0,4,0,0,0,3
698,GTG,0,0,0,0,0,0,10,0,0,0,6,0,0,0,63,0,0,0,0,0,0,0,0,0,0,0,0,0,1,0,0,4,0,0,0,0,0,0,1,6,0,0,0,0,58,6,84890,4,0,0,0,0,0,0,0,0,0,0,0,0,5,0,4,0
699,CTT,0,0,4,0,5,0,0,0,0,0,13,10,0,0,0,14,4,0,0,21,12,0,0,0,0,0,0,0,10,0,5,84827,0,5,0,4,13,0,0,0,0,0,7,0,9,0,0,0,0,0,0,0,0,0,0,0,0,0,0,0,0,0,0,40
