"HXB2","Alignment","AA","P","Padj","OR","Flag2obs"
"5C","8","M",2.99663163814271e-07,0.00127746406734024,18.3458113782208,0
"11","15","W",5.15410720850692e-06,0.0218843392073204,24.0255789505871,0
"61","78","Y",1.04942184298243e-05,0.0444640034871656,7.57995816677159,0
"105","122","H",4.33672990762631e-06,0.0184267653775042,0.151852145588515,0
"105","122","Q",4.7947250224743e-06,0.0203679918954708,7.36100689599909,0
"154","192","V",1.17196053711124e-05,0.049632528746661,8.51521485888367,0
"219","271","A",2.09399794850679e-06,0.00890577327499938,0.186060510139102,0
"219","271","T",8.40126313730798e-06,0.0356213557021858,4.90655460944163,0
"229","281","K",4.93234118138201e-06,0.0209476529973294,0.0997407642188795,0
"229","281","N",1.11372231914963e-05,0.0471772774391783,4.92023723811869,0
"244","296","S",5.41127252803929e-06,0.0229654406089987,9.02702669132755,1
"287","340","H",1.48814575534926e-06,0.0063350364805218,4.10343002134768,0
"287","340","Q",3.07927173326553e-06,0.013093063409845,0.253937441548846,0
"289","342","N",9.56793974823354e-06,0.0405489286530137,4.31007972706859,0
"305","358","T",1.53657190274728e-06,0.00653965001809242,16.2932460030221,0
"319","372","R",1.12344450111154e-08,4.7993549087485e-05,Inf,0
"328","384","Q",5.28806777779679e-06,0.0224478477167474,0.240090418915944,0
"332","388","E",1.12344450111154e-08,4.7993549087485e-05,Inf,0
"362","423","Q",5.41127252803929e-06,0.0229654406089987,9.02702669132755,0
"375","437","H",1.65115527850098e-09,7.05868881559169e-06,Inf,0
"379","441","G",8.24606604879576e-07,0.00351199953018211,0.234306141884789,0
"379","441","R",6.8240244569417e-08,0.000291112883333133,4.87251280207923,0
"475","560","I",2.89325433162972e-08,0.000123484094873956,Inf,1
"519","607","F",4.97471435898716e-07,0.00211972578836443,0.159303128018344,0
"519","607","I",8.28441168719143e-11,3.54407131978049e-07,50.9187885053969,0
"520","608","F",1.10525834089701e-06,0.00470619001553947,8.90789120999352,0
"591","679","K",1.12344450111154e-08,4.7993549087485e-05,Inf,0
"591","679","Q",2.52582131792315e-08,0.000107827312062139,0.0270455008573707,0
"592","680","F",1.56320994218835e-07,0.000666552719349112,32.8363894920477,0
"592","680","L",6.31625033297005e-08,0.000269514401707832,0.0286723528802331,0
"602","690","I",3.45280316981597e-06,0.0146778662748877,15.3086147371011,0
"602","690","L",7.4700700974819e-07,0.00318224986152729,0.143909151284215,0
"613","701","S",1.53657190274728e-06,0.00653965001809242,0.0613751243806489,1
"629","719","I",2.99663163814271e-07,0.00127746406734024,18.3458113782208,0
"641","731","Q",5.41127252803929e-06,0.0229654406089987,9.02702669132755,0
"644","734","E",7.70826045408376e-06,0.0326907325857692,14.3502675557455,0
"645","735","I",7.38952795510832e-08,0.00031516336728537,Inf,1
"647","737","E",8.3816564281148e-10,3.58399628866189e-06,0.0395845375258385,0
"647","737","T",6.24761456730106e-10,2.67210475043466e-06,Inf,0
"654","744","D",1.53657190274728e-06,0.00653965001809242,16.2932460030221,1
"655","745","K",8.79805052256686e-06,0.0372949361651609,0.246590028747127,0
"698","788","V",3.90870028148443e-06,0.0166119761963088,0.262531518786539,0
"720","810","P",3.91500109565712e-09,1.67327146828385e-05,41.3531171318588,0
"837","937","W",5.45655475742434e-09,2.33158584784742e-05,22.819034456114,0
