site,abs_diffsel,positive_diffsel,negative_diffsel,max_diffsel,min_diffsel
514,37.64887221901298,37.64887221901298,0.0,3.3514619758845026,0.0
85,32.906784083069674,31.708186992172205,-1.1985970908974701,3.1661012355657925,-0.4269851130518075
512,32.60435427395177,32.60435427395177,0.0,3.2964146806426275,0.0
613,30.811911777015116,0.821964732018365,-29.98994704499675,0.821964732018365,-3.5902289218427685
516,28.636143081629026,28.37999775774396,-0.25614532388506417,2.7218138737729594,-0.25614532388506417
84,26.267104029374913,25.400007913319165,-0.8670961160557469,2.481277045314541,-0.5857891610355279
515,25.847287997392133,24.93131601272157,-0.9159719846705622,2.9881284455261405,-0.665504741974703
513,24.992219348637295,24.14011505532709,-0.8521042933102076,4.40604662687155,-0.597190476046579
524,23.894948632832026,22.55197781918097,-1.342970813651056,2.3561232374055368,-0.4809402939917234
81,23.422327856490195,1.4942933562608793,-21.928034500229316,0.9109634196362091,-3.029004292724742
229,22.268554384180263,22.058861345395428,-0.2096930387848361,2.2658048463747624,-0.2096930387848361
624,21.56688680378999,0.9337816451932521,-20.63310515859674,0.555919487984228,-2.769223888504903
634,20.054888621177103,0.23015289080054668,-19.824735730376556,0.23015289080054668,-1.768084263656645
119,19.898770926236264,0.0,-19.898770926236264,0.0,-2.589540204453933
629,19.006484200776185,14.10494093501164,-4.9015432657645475,2.0133079030998458,-1.5803392912914622
589,18.799034685496835,0.7665153807498047,-18.03251930474703,0.4374716862462427,-2.07271246085
118,18.491314325120594,1.7152631596962493,-16.77605116542435,1.218323590771972,-1.8583061502907199
625,18.390136204877685,1.4324755980849266,-16.957660606792757,1.2231123203377665,-2.1406198392984748
518,18.26234027765002,16.84815957325475,-1.4141807043952683,3.720619961895819,-0.6739544272055025
207,18.150628603654415,0.0,-18.150628603654415,0.0,-2.478010264970692
394,17.935292165462585,5.083546394892762,-12.851745770569822,1.383443506833177,-2.0065680237617887
410,17.81617384510168,4.737486715261135,-13.078687129840546,1.4419465706201726,-1.995732079418173
86,17.69371692195745,14.432351103035831,-3.2613658189216217,2.4381226036416,-1.17839849152499
611,17.399828502904167,0.0,-17.399828502904167,0.0,-1.720068438140316
91,16.763637526585523,14.6428242727452,-2.120813253840323,2.2853134133452158,-0.9525818823201483
77,16.6178704349187,0.7660276829015396,-15.851842752017161,0.583374123360827,-2.238395911024464
87,16.589257921550526,12.022942687392076,-4.56631523415845,2.411296174945219,-1.8321444068367623
31,16.177648782808788,5.9598212314776955,-10.217827551331094,1.7348324312562016,-1.9758207824866636
413,15.6877151815904,1.9556822955620932,-13.732032886028305,0.8187158403944121,-1.9274873799072179
66,15.619031129710345,0.7966886515605748,-14.82234247814977,0.42786447507889325,-2.587350357334929
56,15.428717496390508,0.0011486853004914475,-15.427568811090016,0.0011486853004914475,-2.997738861632823
363,15.241229774946898,8.317741140202186,-6.923488634744713,1.588699235209503,-1.7597595955678722
347,14.958820004622195,7.44114517188574,-7.517674832736459,1.7173594454926675,-1.7614026621597834
241,14.843046359375991,7.3383499268854955,-7.504696432490494,1.961969852248986,-1.469438118234316
61,14.814536573112331,3.324757473637657,-11.489779099474674,1.295998632720183,-1.967945118315947
401,14.770033448353916,4.794823598817146,-9.97520984953677,1.5799194344474965,-2.068016525334
618,14.717217750117543,0.46920545720061524,-14.248012292916927,0.23786871530429526,-2.335235223093019
57,14.695000095714843,2.1379773728606923,-12.557022722854152,0.9333306677047016,-2.6217334525529425
640,14.64221998436518,6.088762507618635,-8.553457476746544,1.2865653074260752,-1.6019036389973997
594,14.591964663105832,1.5560813069324038,-13.03588335617343,0.5494203196349581,-2.380127889991851
575,14.58981506704378,2.9717590436416215,-11.618056023402161,0.6539625196292806,-1.674008743296838
340,14.562654334382483,8.123867663191541,-6.438786671190941,2.0817167218960537,-1.6724471196232003
621,14.544711960523799,0.0,-14.544711960523799,0.0,-1.6810168970820702
402,14.529644185354535,4.0631202551917625,-10.466523930162772,1.6643559753256574,-2.199802087306958
620,14.374621884802979,0.7206344103570315,-13.653987474445948,0.3751652707553024,-2.141176607810253
612,14.33264100358987,2.4561538495275066,-11.876487154062364,0.7973547155350447,-2.0764283765674736
110,14.31839517984453,1.0786492878410576,-13.239745892003471,0.4594858009536012,-2.1210179706427783
34,14.225617279737767,2.1575953057642403,-12.068021973973526,0.7350074197571673,-1.7025371028913412
102,14.076215737429068,7.51026544484739,-6.565950292581677,1.3180882579747746,-1.9689029205919637
75,14.068324026862447,2.315451552069123,-11.752872474793323,1.244223639901597,-2.7753970150069787
97,14.021906823114792,2.761884302732092,-11.260022520382702,1.2340361257552646,-1.6426670408614423
243,13.976108854640719,12.467184937420118,-1.5089239172206024,2.6089076760455834,-0.6260116847037717
433,13.947752132821233,1.5291583556553543,-12.418593777165878,0.9182790284198625,-1.5859113411959627
388,13.932720586802894,8.229849560313315,-5.7028710264895786,1.248599703819131,-1.3776430986967714
644,13.927096614285158,4.477643962034583,-9.449452652250578,1.546041150802733,-1.8102184517273128
210,13.863847424741877,1.83464633349053,-12.029201091251348,1.380740374093191,-2.517314336004392
431,13.788831853830736,1.4456586737803647,-12.343173180050371,0.37155049422114333,-1.8646105785670104
88,13.766390897677077,1.4024106655714923,-12.363980232105584,0.9458315392905621,-2.451362940040912
426,13.731494280603997,3.339046553473687,-10.39244772713031,0.9432916174023108,-1.7225380093308944
50,13.729850813562313,0.9991974883958398,-12.730653325166474,0.9991974883958398,-2.5134302857649837
609,13.691552788409327,3.893576059238492,-9.797976729170836,0.9980035053226838,-1.4545827483536518
51,13.57838477629195,3.554639408326678,-10.023745367965269,1.126435168072033,-1.5173543298498757
32,13.530756078557928,3.030353615967851,-10.500402462590078,1.2908910282862873,-2.127328969189985
616,13.508116260438939,6.7741278336824555,-6.733988426756486,1.9982248504624707,-1.1371444566538258
325,13.500106452281301,3.758228410168427,-9.741878042112875,1.0729119262032736,-1.76165861944229
600,13.46072645469217,4.279560441234568,-9.1811660134576,1.1778257048699712,-1.68476804665104
509,13.458783534058258,6.00389852328535,-7.454885010772908,1.2636579067069726,-1.5007210933514477
658,13.447269076343785,1.8486677122655153,-11.59860136407827,0.8468073247203896,-1.4353928799623072
521,13.384731359080472,13.384731359080472,0.0,2.211891195577847,0.0
420,13.3517677168768,1.9941759576620257,-11.357591759214776,1.008604902060368,-1.893287413252034
446,13.351534949817657,5.016755310949804,-8.33477963886785,1.090480675510894,-1.6808892972920648
696,13.301700555317064,0.6098551930042367,-12.691845362312828,0.4619811698128515,-1.3793113731501334
404,13.287894110586375,5.979105758242353,-7.308788352344022,1.597186109547064,-1.3903836876932827
432,13.286559527476207,5.199128928484654,-8.087430598991556,2.189991774697531,-1.783219341025844
315,13.282454679276654,6.990567796526564,-6.29188688275009,1.3438413181788351,-1.4408326464603811
70,13.266050603129521,0.5748045904936283,-12.691246012635894,0.3372996586136344,-2.3764614996464806
103,13.26085683439006,7.219658690754076,-6.041198143635982,1.8838431922719234,-1.5572613648831404
123,13.240598004787568,1.1808175435763926,-12.059780461211176,0.5978058514477231,-1.7902374791253899
648,13.238824720258071,2.8876201399056596,-10.351204580352414,1.139258418213561,-2.194804230864037
492,13.227275832139673,5.47967652637668,-7.747599305762995,1.9694563915406538,-1.5849116053362793
268,13.212583632555106,4.931740149812959,-8.28084348274215,1.3732018725842656,-1.0631269496388638
58,13.172768029786631,2.318172430721506,-10.854595599065128,0.719471584668925,-2.722203255361614
691,13.15846280016413,1.0102876730374395,-12.148175127126692,0.5824765500466822,-2.551182116526274
659,13.15156331726766,4.376372730411535,-8.775190586856127,0.8199922250484345,-1.7657348248806244
204,13.128909801171138,3.8945263369368983,-9.23438346423424,0.7938537578530194,-1.7358507851162726
184c,13.106115301434333,4.212979790162451,-8.893135511271883,1.5357534786218499,-2.2019590942899083
411,13.102748067418007,3.3005642288712878,-9.80218383854672,0.9200853998576821,-1.9216192254069218
290,13.086906332662608,3.861199012882068,-9.225707319780541,1.5847183595833665,-1.7856330768750754
630,13.054652808536456,2.7471471793417583,-10.3075056291947,1.452352892241751,-2.586203604750538
334,12.997221351710246,5.963602890280149,-7.0336184614300965,1.2629671824525428,-1.1916735144952348
649,12.984722736640283,0.885171905466663,-12.099550831173618,0.673474139287963,-2.072143292118835
339,12.948616925816356,4.767899937329625,-8.180716988486731,1.8407455686066405,-1.695103807916308
355,12.931317580580183,4.2919928795548445,-8.63932470102534,1.3243012653338682,-1.8966200495316516
238,12.914517232728628,5.787252702107608,-7.127264530621022,1.5101290515518837,-1.7490298185911224
255,12.908980200864269,3.2915925197206732,-9.617387681143596,1.0211113110500145,-1.967652721391777
169,12.906256288997154,3.697487540814995,-9.208768748182159,1.1187741468632548,-1.7392425036169594
317a,12.796235425994157,4.149043176728758,-8.647192249265398,1.2805314081657981,-1.586896341501395
369,12.793783354969808,4.9251118416241155,-7.868671513345694,1.664337646769428,-1.4798335557206066
351,12.782076197149987,5.154715424036614,-7.627360773113374,1.6542835087261878,-1.5796946699547598
221,12.75785117620466,1.0715308896034808,-11.68632028660118,0.618674939992298,-3.106393424804572
344,12.70788040946367,4.126854178187578,-8.581026231276091,1.2203967494449257,-1.995629740941443
72,12.690238413698314,4.115908600300333,-8.57432981339798,1.3331841413904484,-1.3290310160369423
208,12.663650565790851,2.7915362635447116,-9.872114302246139,1.1960033511651793,-1.3075149592217405
436,12.634072805263878,4.846357293628694,-7.787715511635187,1.3388451442425102,-1.8696318062249258
99,12.606273969708914,5.108222356433171,-7.498051613275741,1.1038724415265082,-1.5191898249816118
619,12.59513212549085,5.016805670261052,-7.5783264552297975,1.5028782842048807,-1.5853326414746172
671,12.58273582492944,5.087159831669239,-7.495575993260201,1.2909413761393218,-1.4855688042327595
323,12.573759939951485,5.1838112418714495,-7.389948698080036,1.5850394570697381,-1.480429238663357
396,12.545885182975882,7.2733233691531565,-5.272561813822724,1.737350304012921,-1.484404419476629
362,12.515085385199093,3.095597196569857,-9.41948818862924,1.1366987046995538,-1.375482088484534
336,12.492262820297636,5.495934673277377,-6.996328147020258,1.581224840500715,-1.7593627779850798
476,12.467488692901133,1.987556287771651,-10.479932405129482,0.7104941437583319,-1.6630397822377954
440,12.462302753888947,5.103065952984132,-7.359236800904814,2.049072026177946,-2.311466715383698
462,12.450004903824206,5.832933206248254,-6.617071697575955,1.114498247861251,-2.0001488199826265
638,12.44845567826551,1.7200213731803295,-10.728434305085182,0.7496731043953463,-2.0674804542448673
327,12.425665613807597,1.6070061199494685,-10.81865949385813,0.8283842601288111,-2.064810505634392
44,12.398123929503685,0.6008455490390894,-11.797278380464595,0.6008455490390894,-2.1673776907088818
316,12.381158100540505,1.8898634455993641,-10.491294654941141,0.8299408171600687,-1.5875328742581676
130,12.351403587184695,3.730726731519347,-8.620676855665348,1.2047334757123898,-2.0707525551111723
113,12.326966688905173,2.971841694519886,-9.355124994385285,2.0699558167546575,-2.405962193927988
441,12.320195472170886,5.083682801585819,-7.236512670585064,1.047944926954582,-1.7459584047827734
485,12.30146165280085,7.384087256866786,-4.917374395934064,1.6282674174805536,-1.5846354285887083
442,12.284563476895055,4.817746631108806,-7.4668168457862505,1.3078595943446572,-1.7657281409674122
160,12.273909447982753,3.2566015844009386,-9.017307863581813,1.1230436290227108,-1.5691336594163705
124,12.26784390165304,3.736734975531597,-8.531108926121442,1.4966238654340784,-1.4791811040139984
232,12.23163660575043,3.7546090948914785,-8.47702751085895,1.1773574601150822,-1.184531831507946
246,12.225502078079472,2.89813486558085,-9.327367212498622,1.3201641085394575,-1.7502252193519403
187,12.205299024599867,2.2447282699967523,-9.960570754603113,0.6419894465078442,-1.6649190264307305
90,12.180262712507211,1.7792227619247851,-10.401039950582424,0.9777445615608713,-1.632476180490825
636,12.167432640197553,2.9847694980790163,-9.182663142118537,2.0208882996257347,-1.9114805707335274
373,12.12697985643269,4.667518903776704,-7.459460952655985,1.5271249743266981,-2.53210707974884
546,12.106782989820593,3.305192408019226,-8.801590581801367,0.8231121789248097,-2.000400758832454
386,12.105506577083217,5.03121550519918,-7.074291071884036,1.2479688499196095,-1.485348464407306
62,12.061773421045771,3.4435834328543558,-8.618189988191414,0.8406881814014904,-1.289418629800278
295,12.051543741961858,4.562558372858242,-7.488985369103615,1.136734039898016,-1.6707656511956195
140,11.993626431700202,4.430188073456299,-7.563438358243901,1.1989314431053013,-1.3243955202247717
590,11.94486974685067,1.5874367560130092,-10.35743299083766,0.6970193887027525,-1.8486874115398078
287,11.92591897429159,4.927955232155661,-6.997963742135932,1.027893244810641,-1.6095769788040277
67,11.906459990838995,3.280841388106895,-8.6256186027321,1.373485738723579,-1.4511820702636717
106,11.876250658603897,4.68149304822802,-7.194757610375878,1.1709548848735682,-1.785314866373674
633,11.872500263874187,2.135945977389499,-9.736554286484687,0.6551838523300584,-1.5951063129653347
429,11.833122694176138,6.46971283214597,-5.363409862030168,0.9208402753474828,-1.137238033373668
343,11.828878939320076,2.645135302298496,-9.18374363702158,1.3203100102087102,-1.8452681796964605
337,11.82543173934751,7.137536735372688,-4.687895003974823,1.58714805902515,-1.673224930150947
224,11.811843321965837,4.015666424886544,-7.79617689707929,1.436792951139143,-1.6707590395864997
357,11.811634834272093,5.435218674566824,-6.376416159705268,1.485444273244133,-1.6734743222605561
409,11.800701673856757,3.6835830176880515,-8.117118656168708,0.9280938475629457,-2.374934283134555
637,11.795434168497371,3.3745843460447515,-8.420849822452618,0.9623669356340578,-2.202118876205296
551,11.79095158856192,1.4561565135660093,-10.334795074995911,0.7427661601074298,-1.747271506083158
47,11.790845968325748,6.6743568092436085,-5.116489159082137,1.3965175300194472,-1.2072890396236544
360,11.783168830645895,6.0223952986561935,-5.760773531989704,1.1613078541044775,-1.6870244072128096
554,11.780941531613191,4.4841390842106215,-7.29680244740257,1.7642598783736334,-1.4653359071101386
117,11.760312395082149,5.576859223524501,-6.183453171557648,1.5280630874856023,-1.8917665721303725
444,11.705750923572644,3.1506723034106257,-8.555078620162018,1.2288900358574295,-1.9666939746788177
252,11.695762705096582,4.098474631018508,-7.597288074078075,1.4416095975099912,-1.2542970117553425
437,11.674957584741122,7.0258810223741355,-4.649076562366988,1.4316291342006273,-0.9549554449583552
321,11.629344837707023,0.9461774906639268,-10.683167347043096,0.5226124508558785,-1.3749933794283995
304,11.62535870446161,0.41903653636684174,-11.20632216809477,0.32189673437369887,-2.1234107663956205
428,11.590296889487627,3.092325184187912,-8.497971705299715,0.7541672698640239,-2.5210206380269957
184b,11.588240314850536,3.7785255535999793,-7.809714761250556,1.338010292515352,-1.2632238672048606
519,11.582525732887351,9.904123559201219,-1.6784021736861332,3.0417647260431973,-0.8150739678580216
223,11.574036736413344,2.905014590473507,-8.669022145939838,0.8403969197621814,-1.9120621226450722
695,11.573308399274872,1.9707795414258737,-9.602528857848997,0.8253524522587591,-1.7665062642426295
490,11.548178063902597,3.033665946078552,-8.514512117824044,1.2015726843246393,-1.6102858239655804
120,11.540436170930988,1.999123232990287,-9.5413129379407,0.8472262346543964,-1.4197509062904718
405,11.536777509885432,4.053627372267946,-7.4831501376174865,0.866262379638983,-1.5818140674955965
121,11.52961603845804,5.271634142494603,-6.257981895963434,1.2140146117247577,-2.0505114608396604
665,11.528471551698583,3.2309848928892664,-8.297486658809316,1.331181743211107,-1.5852435493649024
561,11.521189938384092,3.163795425220028,-8.357394513164063,1.6233410963539814,-2.0591480573822096
297,11.514427816992121,4.963462755099396,-6.5509650618927235,1.1903845720864004,-0.9350175224079237
652,11.507928354833364,2.639728183630922,-8.868200171202444,1.052349754336763,-1.2632319411210395
335,11.481763952065602,3.6905805904619076,-7.791183361603696,1.0620061448867846,-1.7758205074128435
273,11.47912069144029,3.877723481060831,-7.60139721037946,1.2676066967339006,-1.9684884078981173
408,11.466163688126134,2.950638378377285,-8.515525309748849,0.9497452603181108,-1.483375179636618
389,11.432682067952271,5.631050618361229,-5.801631449591041,1.4603576608266822,-0.9996891187815812
306,11.415536064173104,1.399441444686138,-10.016094619486966,0.6149894319938582,-2.0342172826302516
105,11.40564686442615,5.075095280198339,-6.330551584227808,1.8996185769378409,-1.1904309863462934
474,11.398123307715714,7.358803763635361,-4.039319544080352,1.6849432389457821,-1.979718190472323
348,11.39731655883522,6.362105464208394,-5.035211094626827,1.2633711357291484,-1.6380869235929973
356,11.38436997362795,5.759046459014741,-5.625323514613211,1.587351317683734,-1.1332163902416008
599,11.377862299310264,6.427007049246612,-4.950855250063652,1.0865220215665548,-1.2628436344622236
655,11.357037826787877,2.8746664447837595,-8.482371382004118,0.8987658304820645,-2.2691793582347817
667,11.291890007190448,3.7542470289333933,-7.537642978257055,1.0794731564963036,-1.1380138658095555
114,11.276313566321642,2.360778337734761,-8.915535228586881,1.2343602503680327,-1.191154912415427
227,11.27004869658726,9.744170758218491,-1.5258779383687713,2.1436688942344304,-1.015688302531616
92,11.24592489468298,2.0552967623357032,-9.190628132347276,0.8301407405955559,-1.3409665670203377
302,11.239230582671654,2.6795835843915405,-8.559646998280115,0.7353652824736789,-1.3808233458085934
186,11.214899610765217,5.663246286031168,-5.55165332473405,1.8590048954522367,-1.3781462845370593
500,11.212938366530981,2.89820561090448,-8.314732755626501,1.0760130121100049,-1.5304841145024524
412,11.201008615652775,4.460708176801266,-6.740300438851506,0.9410584808187141,-0.9486383055848294
65,11.201001779480173,3.4107251760635062,-7.790276603416664,0.8210876438051649,-1.544239355740774
78,11.154638050051073,1.1501412265816584,-10.004496823469413,0.5784416260046031,-1.8890064470661974
403,11.137182866219204,4.173048263661074,-6.964134602558131,1.118800837255318,-1.6742141788863125
399,11.101061961434047,3.6705701534847313,-7.4304918079493145,1.5333840331891557,-1.5801870750969564
491,11.085265763326744,9.631597718558226,-1.4536680447685182,1.7390423128323085,-0.6601120713793749
188,11.079240753994041,5.3156154455275635,-5.763625308466478,1.5265073195713004,-2.0015568150587426
83,11.078589973339154,0.2252453832206911,-10.853344590118464,0.2252453832206911,-1.9222354928019632
583,11.067414312761203,3.051871478964664,-8.015542833796538,0.9547519578901927,-1.7633819939960995
39,11.059087731154264,4.147141714761796,-6.911946016392467,1.677846625584729,-2.0896039512368314
465,11.055237297008281,3.9487465474673713,-7.106490749540909,1.2319752572266094,-1.2149931824592373
53,11.030462736678215,0.0,-11.030462736678215,0.0,-2.5108726056403294
282,11.024747666502618,5.37572008368983,-5.6490275828127885,1.378704489963933,-1.3020564406937005
231,11.018892637208262,4.7594094424378595,-6.259483194770402,1.0382295366093823,-1.4832734789858395
374,11.012821594374213,3.624089220563561,-7.388732373810651,1.0058391984541912,-2.1304729294908467
510,10.99515127397352,2.7933907514130736,-8.201760522560445,0.7448590515855433,-1.375475811467225
141,10.970547946636666,6.104670350555076,-4.865877596081589,1.2998744260803572,-1.27982964681821
330,10.964654325178763,4.741998103439232,-6.222656221739531,1.2818635433989038,-1.2594200751494904
639,10.950583540179046,0.6169101886594893,-10.333673351519558,0.4897401340220987,-1.80870199027366
63,10.94450076409252,6.055022409416099,-4.889478354676422,1.2633457602715206,-1.0686610043654858
112,10.942892288690343,0.21512995483249114,-10.727762333857852,0.18562099891011463,-1.9328165184231707
184d,10.940606710696587,3.863397935182092,-7.077208775514495,0.8547302552646727,-1.678199707512264
320,10.914372696598104,1.3707718757901597,-9.543600820807944,0.84720839073935,-2.291399958425576
111,10.910639855408133,0.6034546747764128,-10.307185180631723,0.448256655557865,-2.6671543838970493
439,10.902544399428486,2.5318169284352887,-8.370727470993195,0.7352143826271813,-1.6131987192329542
184g,10.83631079121363,2.0125737862343422,-8.823737004979286,0.8505829682856683,-1.7661813592331754
463,10.830366404220714,3.525791927523248,-7.304574476697466,0.8395304918512567,-1.137795607554946
577,10.816096731607562,2.7522745767825034,-8.063822154825058,1.7846324902280208,-1.4495920862503442
168,10.772872008303162,6.085651330376722,-4.68722067792644,1.2959203454027766,-1.379204462363985
700,10.760196437197923,3.641611955432718,-7.118584481765206,1.3227639268655953,-1.4859353763213656
293,10.712552966653387,6.183791558087632,-4.528761408565754,1.8230314368238374,-0.8956317506921062
341,10.69632142783524,6.994908558349004,-3.7014128694862345,1.8485300100551347,-1.1200807740756415
115,10.688970005921048,3.560839239267067,-7.128130766653981,1.3258472357578281,-1.1839224026513773
178,10.648869198380329,4.314957331194148,-6.333911867186181,1.3944380510880126,-1.2408276664554656
702,10.63958396525261,3.8334833223093057,-6.8061006429433055,0.974367773548638,-1.4857075213487148
301,10.574290127253079,4.90922599960028,-5.665064127652799,1.6185176426537855,-1.1937962075217157
214,10.574007776063779,2.5963517143126302,-7.977656061751147,0.8110990826407235,-1.137752862973551
364,10.561296857931852,6.0477424211903426,-4.51355443674151,2.0460879458512107,-0.8450775373518744
195,10.554920291500858,6.38559507378562,-4.169325217715238,2.2728645520758026,-1.262793081409041
236,10.542681479873965,6.504439123289953,-4.038242356584012,1.5524482408412033,-1.2835976204126087
64,10.534822614862312,0.10353587350198831,-10.431286741360324,0.10353587350198831,-2.0905628016265014
151,10.509785569986448,7.052707197047293,-3.4570783729391557,1.5400224178648871,-0.9991278025808278
632,10.505485090176492,3.0093934827585453,-7.496091607417947,1.1761975432647203,-1.1378483703268725
184h,10.500563686186712,5.737115516737309,-4.763448169449403,1.5328801098816118,-0.8476317032157564
557,10.490676023824143,0.8766135041523954,-9.614062519671748,0.560706328548304,-1.9269541207036052
68,10.475791672192361,4.105386091134328,-6.3704055810580344,1.326334572261289,-1.396924958566516
166,10.449946396115775,2.9933638929421993,-7.456582503173575,1.1301668082907246,-1.4784443619882677
372,10.442858419377577,6.7787320311159,-3.6641263882616797,1.1999418922023275,-1.092996506973373
185,10.42273382934208,6.203364739829096,-4.219369089512982,1.4103432761844517,-1.6775885487318278
190,10.408330280230853,2.0647928584538264,-8.343537421777027,0.7018689176835515,-1.2635053866863286
684,10.37951112115047,3.120201730650299,-7.25930939050017,1.0686137569659224,-1.5853296931407836
322,10.365729170456639,4.022855362984143,-6.342873807472497,1.3935685931122601,-1.8599273337511988
585,10.320489570991464,2.6180886612126826,-7.702400909778779,0.6963707770980812,-1.6261820541745513
240,10.310972582690406,4.699667136962084,-5.611305445728322,1.2307461773583528,-1.4940629340642484
69,10.310438367474633,1.6077914016912136,-8.702646965783421,1.2358180580067728,-1.3294003702667783
564,10.275931731613237,3.6615510923380814,-6.614380639275155,1.2291959326678805,-2.439268972638761
699,10.261305859035362,4.43528900969194,-5.826016849343424,1.3480030982337254,-1.584794042246219
407,10.260018584435318,3.156849741556324,-7.103168842878994,0.7896529502101046,-2.196730649780646
269,10.25387173785163,3.7464670531939355,-6.507404684657694,1.3877866320303947,-1.062969630625449
46,10.245846882625202,4.47393009763032,-5.771916784994881,1.2576043482710881,-1.4572347822866836
392,10.244832972717308,4.127971720881748,-6.1168612518355605,1.3715245113107843,-1.2607437041887284
645,10.239074413450922,1.5190381872040275,-8.720036226246894,0.5514837130428404,-1.7662079193423654
76,10.234360703121395,3.457838004160097,-6.776522698961299,1.3783682823760528,-1.8300846730201026
82,10.233334161500958,3.5360895774784007,-6.697244584022556,1.2354710576628538,-1.8306139037732028
254,10.199444990299465,5.015225596154165,-5.1842193941453,1.3783128115681038,-1.0942306143497957
471,10.172197630299939,1.4808325671485019,-8.691365063151437,0.5168398031607471,-1.7925245284482854
668,10.158925202500647,3.3620686066979517,-6.796856595802696,1.2292682950899523,-1.4857256292109948
244,10.152128261953871,3.763207946575994,-6.388920315377876,0.9309720812546987,-1.3230650011225877
267,10.147396118049654,3.2074230440868337,-6.939973073962821,1.0372242661574906,-1.073555124100429
142,10.111871571872793,7.108704142953947,-3.003167428918847,1.4106688220852561,-1.637194221760261
318,10.0718894209022,3.2519529728237027,-6.819936448078496,1.4000842131378464,-1.100243228210899
377,10.060872390626615,5.7195821440253285,-4.341290246601286,1.3876533030781661,-1.1373575520523536
481,10.038999495477473,4.6396888212296234,-5.39931067424785,1.3550451831697305,-1.194053556624168
504,10.03362670952586,1.6890225749512036,-8.344604134574658,0.7943082859283539,-1.323489897059786
250,10.022695970351176,0.9761694340177169,-9.04652653633346,0.6775129535629425,-1.5333791652900493
464,10.00781003989611,5.5621811030647335,-4.445628936831378,1.018959546395478,-1.5845552321085554
285,10.00754870930212,5.570808299623889,-4.436740409678232,1.000214058040832,-1.6755435540215404
581,9.995628730201673,2.6906696560488026,-7.3049590741528725,0.9536367300869579,-2.4001361802020345
430,9.99391555653931,0.8216839644516731,-9.172231592087636,0.4488137997142345,-1.296348971466825
352,9.985261465595645,2.3191518944044316,-7.666109571191212,1.5859615470512824,-1.480466178528495
153,9.982795705089757,6.238245103234907,-3.7445506018548493,1.7626760154594647,-0.938632410360326
253,9.975279459888782,1.6182575096899519,-8.357021950198831,1.3732768574859944,-1.494130246040618
424,9.955889001750213,1.800709898296875,-8.155179103453339,0.7633723611011003,-1.3789888657167042
677,9.940914289770806,3.012265772746659,-6.928648517024145,0.8827179798396886,-2.0015650336612674
263,9.931707291747088,6.7381956743353975,-3.193511617411688,1.765896441462485,-1.5084928980677306
328,9.908082287186414,3.4547372453747567,-6.453345041811657,1.2999244738522626,-1.4405254674930417
234,9.8712925615398,8.329001925615003,-1.542290635924796,1.5283607777909094,-0.4118116097377859
71,9.855574627868293,3.911474982093802,-5.944099645774492,1.3736123436124286,-1.1133787559599175
184f,9.85215584752308,6.3734774768724565,-3.478678370650626,1.0496909132167096,-0.6775972286575791
698,9.833889305737824,6.406087058519519,-3.427802247218305,1.5070807178384324,-1.0354383794693793
319,9.82983068404772,2.178631944346507,-7.651198739701211,0.6993374384574584,-1.296014566956917
138,9.82043815466689,3.9250258430144074,-5.895412311652482,1.1187914528007714,-0.9410709229352383
425,9.81107581600883,4.578499257221397,-5.2325765587874296,1.444560544454039,-0.9999725523258736
461,9.805572570494135,4.816435794258269,-4.989136776235864,1.5617418897303184,-0.9878369228067825
379,9.786402696103293,3.0623948002577537,-6.72400789584554,0.8923156119198951,-1.4826842861074878
136,9.773770179298275,4.578414382254314,-5.195355797043959,0.8512017205362035,-1.309077106298885
133,9.77333791574151,2.323181643357541,-7.4501562723839685,1.3750187384924075,-1.1347069346423115
358,9.762903375410499,3.7869747377533622,-5.975928637657136,1.1947142631911642,-1.681823715748576
375,9.76044101661602,4.564670237281141,-5.195770779334881,1.636876504250497,-0.995391711249016
89,9.736362971753259,7.314142007722002,-2.422220964031254,1.835561021660848,-1.1758226583726255
656,9.735502740396619,1.0576351377994846,-8.677867602597134,0.4307356637934895,-1.678819302468482
173,9.733978773829719,2.8501818873586235,-6.883796886471096,1.1603046284249476,-1.8482263801015655
274,9.723636764259274,4.200241763511197,-5.523395000748076,1.2656906189925023,-1.1400566625310655
258,9.69334166260882,2.0745112173441926,-7.618830445264626,0.9458343818244926,-1.5787452475007089
397,9.612608394378666,4.400120427965442,-5.212487966413224,0.8746408023269312,-1.0806840188153768
406,9.595701214423212,1.7924969009099603,-7.803204313513251,0.8621598723666933,-1.1464281557880274
230,9.593716180635818,4.798791347775362,-4.794924832860456,1.2481398767270189,-1.249524309517027
171,9.535588405943653,6.090765366540639,-3.444823039403014,1.0364425466914298,-1.5558183300381456
382,9.513207886807123,1.3445128535190818,-8.168695033288042,0.8191793212870779,-2.0002290321576264
393,9.47323905255113,3.0739963859021713,-6.399242666648956,1.249146500919268,-0.8465074509601139
354,9.465089692586117,3.4429735986392136,-6.022116093946904,0.8381013593545014,-2.1320197658240776
701,9.445382819356702,5.6446658692139815,-3.8007169501427205,1.3944284917099092,-1.764821822378968
313,9.429500603666108,1.3624784097449343,-8.067022193921172,0.6339336306678764,-1.5536494413598076
366,9.383377710596438,5.624940379681725,-3.758437330914712,1.4854705236769838,-1.712510056891654
95,9.361918901395844,3.8617716486965077,-5.500147252699339,1.2630723486765152,-1.3329542557318435
475,9.32248700465165,7.040365367216099,-2.2821216374355493,1.6989325272759752,-0.677134810782032
209,9.31230872271662,4.4726711501878755,-4.839637572528746,1.0340977979965913,-1.3785245999996008
570,9.304561669068091,1.7625726541714655,-7.541989014896626,0.7995199012339612,-1.4613112160257333
694,9.297384907655573,2.539859838497369,-6.757525069158204,1.0063938221026074,-1.2207434048522146
276,9.27648412171714,2.229060515729653,-7.047423605987488,1.2444187031265372,-1.1503367065687298
502,9.274276811906372,2.965245205376826,-6.309031606529545,1.5082295549185423,-1.054702977734565
135,9.273969010855991,2.5852821638131096,-6.688686847042881,0.6875441416723655,-1.1378491010131242
507,9.249770168091208,3.9637380362532206,-5.286032131837988,1.4298786075605214,-1.2625680773590127
664,9.2262549018442,5.678958153026175,-3.5472967488180243,1.1560141427016564,-1.377553407570676
216,9.222101238054996,4.270745379058067,-4.951355858996929,1.1186697776347239,-1.1482033196963735
184a,9.216183819246499,1.3868169378955515,-7.829366881350945,0.47927643163667777,-1.4829325014505663
455,9.195300811882417,3.9531644699794777,-5.242136341902939,1.4993443746742707,-1.6221338057101684
657,9.191936646692913,3.880392302019607,-5.3115443446733055,1.4842126139050034,-1.2141498835224727
33,9.17030539664294,2.4286340259928454,-6.741671370650093,0.6647725681393131,-1.3284257583078822
94,9.134542329565322,2.175468056850443,-6.959074272714879,0.7086269032723563,-1.4629338889329584
60,9.12989750574105,1.6349088694476754,-7.494988636293375,0.9568885520948539,-1.4707821987928413
693,9.119228462783887,2.688469639036181,-6.430758823747707,0.801524421439437,-1.2633699965306946
592,9.117566809471814,5.275169436020115,-3.842397373451701,1.36826632682136,-0.6777642319766837
108,9.094924244903137,1.3668852914076832,-7.728038953495453,0.6837504818340676,-1.2773710270600234
569,9.07634032521958,1.985135997257811,-7.091204327961767,0.6513857886105843,-1.5853943465019493
466,9.051429171320587,3.260666618731128,-5.7907625525894595,0.9280157649723793,-1.2115632122876925
308,9.030171671724418,2.727922278986221,-6.302249392738194,0.5912171204081342,-1.1457484737580719
605,8.998695851902795,4.5624143829499,-4.436281468952897,1.7134135196959424,-1.094063004121012
453,8.991146309494551,5.869529176691262,-3.12161713280329,1.4146880317987696,-1.1371190941655251
447,8.985096476794226,4.381106022518901,-4.6039904542753245,1.502229013725504,-0.9999231864549236
443,8.957483331831106,2.1523486741683007,-6.805134657662805,1.3857282893656935,-1.2635646977963753
132,8.94457650657359,5.2322635891893015,-3.712312917384287,1.2735527972191392,-1.1667101276736966
615,8.930145932738695,2.1291357801532156,-6.801010152585481,0.7117551072219314,-2.0709322135366723
211,8.889573200608007,3.300939136680081,-5.588634063927925,0.8120040593377663,-1.1374833439822905
222,8.817423611578734,3.980682343730701,-4.8367412678480335,1.8105123629274351,-1.137513951112992
194,8.806102519892011,4.543654204018818,-4.262448315873193,1.1962341173966586,-1.6370233178174929
617,8.803971520215258,2.0650389383710426,-6.738932581844215,0.8637674553084652,-1.9794280393475323
662,8.790021590649603,0.1280886954432861,-8.661932895206316,0.1280886954432861,-1.7375833091812147
573,8.757707208108968,0.4656742338286268,-8.29203297428034,0.4656742338286268,-1.7760634675159008
48,8.744395858109664,2.4407797425378024,-6.303616115571862,0.6581293344051797,-1.327146113929325
398,8.732585267201916,4.902065769714034,-3.8305194974878813,1.3249926461373567,-0.8452475802964783
651,8.668982347265004,2.266626313366248,-6.402356033898757,1.7443500456651084,-1.2630662290300152
543,8.664240786053405,0.38282335203294937,-8.281417434020456,0.38282335203294937,-1.5854865214847473
670,8.662996259911662,2.2156915197770424,-6.44730474013462,0.9625901146211534,-1.1277141340324184
80,8.657393638922958,4.277307628727128,-4.38008601019583,1.3698630220036527,-1.3293485712590543
534,8.655264494940528,1.430123632588754,-7.2251408623517746,0.5382695169616388,-2.433417318336937
177,8.627711011321095,4.4620816562293895,-4.165629355091706,1.2102350487436815,-0.6947620306855947
324,8.626978919659527,2.5900026039575765,-6.036976315701949,1.3246222163443844,-0.9247629950497551
395,8.62107414643867,5.13137769001667,-3.489696456421999,1.2632450180992962,-0.8624245542152058
419,8.620888660005741,3.102179262264318,-5.518709397741423,1.250771744441464,-1.2628692704815134
586,8.586943136427433,3.8083093647188173,-4.7786337717086145,1.4049151023806201,-0.9999821751896845
467,8.565118266123006,2.6804605462207323,-5.884657719902276,1.2797760094640749,-1.3784342854559457
480,8.562752932361452,4.241270901713063,-4.321482030648388,1.3396471886700327,-1.1250656713367835
212,8.557516360637493,0.0,-8.557516360637493,0.0,-1.3955819464877917
134,8.551285802902292,3.014847626502423,-5.536438176399871,1.121003252699307,-1.3787830259625742
155,8.52116549455545,5.0855851926370494,-3.4355803019184017,1.7077771114956224,-1.378340774357267
528,8.482586625122474,6.705842146645367,-1.7767444784771058,1.7351924497059859,-0.4849579577483269
448,8.463851068292742,2.877590016117429,-5.586261052175313,1.00985126954673,-1.137535912558302
499,8.440386110793478,1.699233414792275,-6.741152696001203,1.0630647060464204,-1.1578238416894469
415,8.437331302940136,2.1613871577175474,-6.275944145222589,0.7189417969502133,-1.1380870698788024
626,8.437213986236276,2.7454582741135054,-5.691755712122772,0.9759320658002116,-0.8524583682046032
49,8.427055428537374,3.2628822496784555,-5.164173178858917,0.7455105033286757,-1.5163111937130038
289,8.426758827286568,6.3592429894557005,-2.067515837830867,1.76612598502172,-0.6300326853528769
283,8.396381117533316,3.6151198364410493,-4.781261281092267,1.2629088522348817,-0.9057413067435935
264,8.396182524171815,3.1006367828635772,-5.295545741308238,1.1373588397517924,-0.9357221583921882
35,8.376459255585708,4.953455281457044,-3.4230039741286635,1.3268304877627362,-1.5733846430880223
275,8.366157229605557,1.6691034248262837,-6.697053804779274,1.3997536068035492,-1.246617448037599
170,8.338703132963346,6.177202871197369,-2.1615002617659775,1.5697493355741177,-0.67755074120252
438,8.314031188618243,0.5914112910509159,-7.722619897567328,0.2492124561519094,-2.1885766627331584
137,8.312015788738998,2.269053642232642,-6.042962146506356,1.5353289199886095,-0.8482446014913664
508,8.286103183639037,1.8586855305481094,-6.427417653090927,0.943760736610463,-1.2727890293679112
262,8.274577384199985,3.794678608391213,-4.4798987758087705,1.678079499442792,-1.4608395587186367
270,8.246190965259625,3.1831896757449814,-5.063001289514644,1.1374548680126988,-1.7518801953934564
206,8.20917220447062,4.621664076451366,-3.587508128019254,1.495677753791028,-1.0031892629548722
247,8.193670647045366,5.799068479184117,-2.3946021678612492,1.8967047581601655,-0.47610307037159205
346,8.191729861823044,3.347706250297997,-4.844023611525047,1.6640753102545127,-1.6738405246675423
217,8.184423950999179,1.5256926905728299,-6.6587312604263476,0.5333034267824122,-1.0172977770395246
601,8.162756846438665,1.9458350972547755,-6.216921749183889,1.3473430092091716,-1.0002401262929055
565,8.158578040973097,0.27908129542056476,-7.879496745552532,0.27908129542056476,-1.9267100517348943
197,8.145145178466263,3.0385042935160795,-5.106640884950183,1.5210255284268532,-1.6012090250704614
296,8.137563111720283,2.2739275377077557,-5.863635574012527,1.1369637688538778,-2.1648707447301474
179,8.134657494567133,4.1179824000506,-4.0166750945165335,1.2277246827028538,-0.9998664240220901
277,8.133490642995541,5.316125404207812,-2.81736523878773,1.678248254709072,-0.7187984501015634
79,8.111689625940365,2.1011444171757776,-6.010545208764587,1.68762120461131,-1.2106544254191975
109,8.110940462025562,2.8826836414709396,-5.2282568205546225,1.2071856812865542,-0.7927827524508068
647,8.109998320360473,1.0878708306830274,-7.022127489677446,0.7479974704875989,-0.9010486150520339
417,8.102381999903049,4.006355174361837,-4.0960268255412124,1.152840000268815,-1.0597752663467983
607,8.057399475756686,0.0,-8.057399475756686,0.0,-1.1382205336686309
303,8.057305798382583,3.967006237382739,-4.090299560999843,1.2422747952897,-0.7945413369140305
184e,8.04318460740621,4.173677941138162,-3.869506666268048,1.1209370421844693,-1.1371026900895889
604,8.035777165741045,4.349686136959781,-3.686091028781265,1.7230935800431302,-1.016700982046952
591,8.025628421608474,2.187327619274976,-5.838300802333498,1.5345132441830165,-1.785024925410059
460,7.993378807861162,3.054724341647211,-4.938654466213951,0.7339287565643755,-0.9020329435396963
278,7.986194413628864,5.690982408743724,-2.295212004885139,1.4186067149685289,-0.5766227473461634
249,7.968330976989026,3.867578120365929,-4.100752856623096,1.0979999273020926,-1.2553171697123677
271,7.950719591816774,4.709000613779763,-3.2417189780370115,1.3119846502690462,-0.6282108902164134
506,7.945850843512357,1.0473065787135591,-6.898544264798799,1.0473065787135591,-1.169840257188692
435,7.9405766996954235,2.327200249509037,-5.613376450186386,1.3379200956811905,-1.1376895953084163
686,7.937713494645182,2.90020925418011,-5.037504240465072,1.6215094793243585,-1.4855360248610499
300,7.927507183160617,3.700728395893349,-4.226778787267268,1.2950218856973539,-1.0242547207088066
676,7.909636804582048,2.8016417899134494,-5.1079950146685995,1.1077183541147737,-2.2316829834343532
164,7.9010482983281065,3.222982635754108,-4.678065662573999,0.7571651835041017,-1.0001514469561903
505,7.900900684354558,1.5567013835355823,-6.344199300818975,0.49812063100984855,-2.322315565293375
556,7.896030380150126,2.2679026022437845,-5.628127777906341,1.3096159509300453,-1.5851394474791514
312,7.869705689357797,2.301315872082245,-5.568389817275552,0.9026451498305247,-1.7222197777194832
627,7.869700840865422,3.3069975292689495,-4.562703311596473,1.1915094440343603,-1.3387670841734653
215,7.8327696937196425,3.680552475319094,-4.1522172184005495,1.3128008423870674,-0.8481500940880436
266,7.815169773151995,3.7889669402029846,-4.026202832949011,1.2442876511602707,-0.9335300165249527
478,7.789560549151995,4.750887157204591,-3.0386733919474027,1.4245247285317988,-1.3781589957969624
381,7.785596102724851,0.5842973403635391,-7.201298762361311,0.32184776759350747,-1.0001567789033317
213,7.750469383531222,0.7895577186664298,-6.960911664864792,0.7895577186664298,-1.2895511660247099
162,7.740889062136597,5.278089544981816,-2.4627995171547816,1.299701621739948,-1.1902697695859696
161,7.726048329969779,3.307228209277744,-4.418820120692035,1.015778994526378,-1.3405452276719143
553,7.676876539537014,3.5213625481400763,-4.155513991396937,0.7925715564247435,-0.9644988401339456
245,7.670351966496185,4.111176353245896,-3.5591756132502885,0.6779294123704294,-1.0649909750348263
305,7.64564684179375,3.178854727950288,-4.4667921138434625,1.1374002607325544,-1.067158693689449
380,7.630314913123746,0.0,-7.630314913123746,0.0,-1.581840316866964
314,7.621476582829786,4.094910690613277,-3.526565892216509,1.263162867472427,-1.1078826835758893
256,7.572353521651967,2.922313092609298,-4.6500404290426705,0.9999741478218881,-1.3977066166666146
673,7.561473273204939,3.254586223677113,-4.306887049527826,1.549960815465989,-1.2630389568810565
55,7.555500085127041,0.457208445549518,-7.098291639577523,0.2742266937755123,-1.9693568564651944
260,7.547418548363557,3.611091635432332,-3.936326912931223,0.9771100396604135,-0.9275227877981046
280,7.527562899332132,3.821156717686837,-3.7064061816452956,1.6940452351856665,-0.9704222542719353
576,7.523651131912988,1.6571242639547994,-5.866526867958189,0.7907837695661697,-2.0527032502104183
580,7.522331525120864,0.14802780971944127,-7.374303715401423,0.14802780971944127,-1.8255897421705092
350,7.483054017339098,4.605552953733355,-2.877501063605743,1.3231827100510962,-1.0951738025461848
128,7.4785912491047055,3.524497669192274,-3.954093579912432,1.0986756793288208,-1.066494366742974
192,7.430009714071561,4.848139494563271,-2.5818702195082897,1.4721522832596818,-1.3782353114058417
326,7.413958015473805,3.6741902437845977,-3.7397677716892073,1.6643262316283864,-0.732839034488437
152,7.401249706875464,1.9359660721459986,-5.465283634729466,0.6443652743710836,-0.7166422746832604
496,7.385979724882307,3.1130409332147755,-4.2729387916675305,1.4203376873217886,-1.1374816333022324
279,7.378909495207321,3.7673173927259764,-3.6115921024813433,1.3421756573824684,-1.191625906790844
219,7.360427223196298,2.8122216108849565,-4.548205612311342,1.0149740640823348,-0.9860517002912391
452,7.356148662902834,1.4983394390507971,-5.857809223852037,1.2715778057255633,-1.1374722552361047
650,7.351099958815343,1.7770473528871638,-5.574052605928178,1.1727852476581417,-1.8937952365795778
674,7.347963498992666,0.5664871904143849,-6.781476308578281,0.5664871904143849,-1.3310942772824883
101,7.30980390969476,2.0012178437136816,-5.308586065981079,0.7277425644428634,-0.9503293406697746
175,7.256240730809065,3.939833455630687,-3.3164072751783773,1.1166364530789485,-1.1379793224771837
200,7.255217315687526,5.01692565275735,-2.2382916629301763,1.6701917766436742,-1.0960894881015557
692,7.205446674930677,3.0538390546576686,-4.151607620273008,1.0461190445820703,-0.7931426794542535
156,7.175873108493596,2.4084699933066926,-4.767403115186902,0.8155745917871493,-1.1821665945161874
332,7.16424481234422,2.6129322578780587,-4.551312554466161,0.9827612164117809,-1.2604864774044326
116,7.158467328087858,1.3314471382527966,-5.827020189835062,0.5854263538730838,-1.4583378310855641
641,7.096727115134311,2.1055111493916745,-4.9912159657426365,0.6258844772290645,-1.0261922193506288
687,7.060433564584482,2.9614856684894475,-4.098947896095033,0.8464585059375229,-0.847792684224442
37,7.056739669541085,1.564401452179292,-5.492338217361793,0.9783984100089157,-1.0451914029142533
390,7.056333717564729,2.493104475988069,-4.563229241576659,1.4656505753947537,-2.276589590867175
525,7.041348510263985,3.3002219433827324,-3.7411265668812517,0.7913455707948847,-1.9012975442074391
98,7.039481449857754,2.1528239222937544,-4.886657527563999,0.8478605862599291,-0.9517763893027079
602,7.0297870074976325,2.9585956141542766,-4.071191393343356,1.5468248035235739,-1.1373405781711894
329,6.991495983523203,2.360074071410377,-4.631421912112826,1.2815754445934948,-1.5809957579305425
588,6.9585662487743525,2.898679257803207,-4.059886990971146,0.8421101030050173,-0.8479834356537967
104,6.947394311140521,5.562149020822379,-1.385245290318142,1.5184480515713847,-0.4348495870384727
371,6.908394958298079,2.812582789178485,-4.0958121691195934,1.3254041326936596,-1.364228583520024
587,6.861864703205664,0.46733648754046314,-6.3945282156652015,0.2517990622475774,-1.5731292359028124
643,6.853507552094471,1.2555748203827921,-5.597932731711677,0.9709682777484958,-1.4858136107966087
536,6.845069007489279,5.551738850747163,-1.2933301567421172,1.5702812832461592,-0.4842498612289948
189,6.844196362549578,2.4328473887981645,-4.411348973751415,0.8132336526675782,-0.6151677559385356
434,6.804324694407619,1.7848620485705888,-5.01946264583703,0.8232816284204018,-0.6780078150097515
539,6.799221738285062,3.482022830982345,-3.317198907302717,1.12375826960391,-2.791360325899985
353,6.785862992355031,3.297772472671787,-3.4880905196832432,1.2234949502955712,-1.2590449943452005
45,6.775061019510263,2.9877269174369934,-3.7873341020732685,1.8373147068077798,-0.678958064840302
484,6.772145902424419,2.701789941096482,-4.070355961327937,1.2318310105429084,-1.0695696235522325
459,6.768192789371648,4.828256051284308,-1.93993673808734,1.1392869075922663,-0.9996101423803029
682,6.762131808505797,3.229882180905671,-3.532249627600126,1.466338481339731,-0.8479207022904297
574,6.755672838558971,1.6014200685791726,-5.154252769979799,0.819398146315471,-0.8482347095392982
59,6.7246139191107535,3.075418830829284,-3.649195088281468,1.4640883533812028,-1.0035064629229533
127,6.704281748643707,3.246644145361366,-3.4576376032823415,1.2027688438666897,-0.8477329279873718
307,6.7037318410181115,3.7803761731984236,-2.9233556678196884,1.3499865489391865,-1.0644753265777998
365,6.700950084680174,2.432845267229216,-4.268104817450958,0.9999644466387093,-0.88748630379313
642,6.685178911616591,4.063485754813686,-2.6216931568029054,1.6443508945695904,-0.6874463624144684
391,6.675885046778947,5.2205193493896855,-1.4553656973892615,1.852014019740283,-0.4851218991297538
688,6.658161998054173,2.3001726795481163,-4.357989318506058,0.8068602818698808,-0.8166987035070484
559,6.640818982258271,0.6966148953441498,-5.944204086914121,0.3581239288676645,-1.8528428220397042
384,6.610891799800999,0.8127172422840391,-5.79817455751696,0.809302445842125,-1.1610078104949864
482,6.607192121877737,2.1554446804953002,-4.451747441382437,0.8128198113189504,-1.137709519292605
183,6.59504272972591,1.4712485868240563,-5.123794142901853,0.7256349735789142,-0.8868488001735125
520,6.557897059121197,4.808773075046969,-1.7491239840742279,1.2319306223027355,-0.6776134371815232
596,6.53215931013005,1.8994815696973606,-4.632677740432689,0.7827607431578105,-0.9313452666054653
309,6.523774995942573,2.088975494230249,-4.434799501712324,0.67801907021854,-1.4072899216147197
182,6.5194535374498885,5.037290203869477,-1.482163333580411,1.5358068534132188,-0.6776912007031166
203,6.506205773366736,5.004736899692371,-1.5014688736743647,1.4264485868147225,-0.6218418289446049
172,6.480143305694321,1.2489779371168421,-5.2311653685774795,0.5224154246422537,-0.6956635489461961
479,6.4790106580844125,2.0656138950518828,-4.41339676303253,1.0735230441910486,-0.7642607404860694
265,6.472935319685322,4.080710281392959,-2.392225038292363,1.26326335921544,-0.6280965516154806
545,6.467275360223409,1.3866631018104578,-5.080612258412952,0.7452951889336243,-1.1698994502539704
281,6.463832819435458,2.332196683972138,-4.131636135463321,0.7683195852901505,-0.9641811634242723
579,6.458861375442535,0.1696548976404629,-6.289206477802072,0.1696548976404629,-1.348496424110215
286,6.454735928569646,4.9748318187090215,-1.4799041098606238,1.485578948604643,-0.4501364811743129
563,6.448615109444749,0.4090637925866975,-6.039551316858052,0.4090637925866975,-1.4858450832060044
414,6.433218395133672,2.6601832116296524,-3.7730351835040192,0.8253764430347511,-1.537849119955062
361,6.40344889410407,0.8107381486415042,-5.592710745462566,0.5874836351458885,-1.5760593054599752
663,6.3847035704802195,2.986986187252138,-3.397717383228082,1.1541057766907803,-1.2930525141089915
495,6.371353200540189,2.0654979887602183,-4.305855211779971,0.9196263234493263,-1.3517784619790618
122,6.363983555992327,2.843392492149726,-3.5205910638426006,1.5850442854126852,-1.2624616927819523
488,6.330239335358335,2.773928342922011,-3.5563109924363236,0.9418339819781028,-0.8479655093907797
100,6.321085351239756,2.666529947980005,-3.6545554032597494,0.9782851502451231,-1.6730505223399263
154,6.320105970697037,1.9853892565771851,-4.334716714119852,0.9077064107099017,-0.9213943168623796
139,6.3068885239056005,2.303897211588435,-4.002991312317166,1.4974238587916044,-0.8477187895867702
666,6.260770567234379,1.0769645256176181,-5.183806041616761,1.042534384233833,-1.0000329932408965
198,6.260150031597959,2.8460099118326756,-3.4141401197652836,1.1939766519686026,-0.8478405761639914
493,6.231138297625939,3.2634485682773113,-2.9676897293486277,0.936588020225556,-1.3483419523839768
653,6.206784222643611,2.294769491938075,-3.9120147307055366,0.9633943436757516,-1.0003020451297242
165,6.148498042165221,3.9883519949107415,-2.1601460472544796,1.3539405139030058,-0.5979138275178646
199,6.147617421086177,2.7365728816305666,-3.4110445394556104,1.4955721058057445,-0.6089150301128416
562,6.133050853657784,1.934687499495269,-4.198363354162516,0.9673437497476345,-1.0001434859247913
603,6.129852771915557,3.212138042970994,-2.9177147289445613,1.2568147000492993,-1.6780189850832892
457,6.11972844287959,2.6247001478688676,-3.495028295010722,0.9834903072557943,-1.3784637872498902
370,6.112490728692586,3.994789991554801,-2.1177007371377856,1.2213215650685394,-0.6743263579452201
535,6.093535836369899,4.382144807484044,-1.7113910288858545,1.3580482820699264,-0.6622410083377339
584,6.070799149138506,1.5956227147474737,-4.475176434391033,1.3423917014022915,-1.0001496642387255
317,6.059194215118989,0.9324910474329455,-5.126703167686043,0.6065099423502242,-1.3622333942505016
595,6.049069838126176,0.8325915268902808,-5.216478311235895,0.7612922588902264,-1.3112210125859738
517,6.048584233420419,3.937139518532402,-2.111444714888016,1.450965480908907,-0.6076377231133815
697,6.043741204269663,4.4480624791987085,-1.595678725070955,1.4547577725372034,-0.8082766332965906
284,6.041945663124836,2.5785520771986645,-3.463393585926171,0.9479166100814339,-0.6313589647626526
298,6.030764578007275,2.930265739339399,-3.1004988386678756,1.7119757868120775,-0.6321581257569188
299,6.022495484208972,1.9091327304829202,-4.113362753726052,1.014145513066017,-0.9632320213987635
472,6.002753969065203,1.9954055464929294,-4.0073484225722735,1.1972185801360093,-1.597485283935506
623,5.998672636255893,3.715342581135416,-2.283330055120477,0.6608461865722044,-1.000009689635298
107,5.986272640897132,1.8764458392281544,-4.1098268016689765,1.557856065798469,-1.189170546368507
174,5.980024917437319,0.6635604980826474,-5.316464419354672,0.6635604980826474,-1.3240160234421168
184,5.978530403184615,0.8284373942428309,-5.150093008941783,0.3693504963971361,-1.0003257608627651
550,5.955592490086291,0.41282002955061275,-5.542772460535678,0.3372141873256195,-1.0001573810037543
52,5.940882705065463,1.8726501191445883,-4.068232585920875,1.1510244018688554,-1.272944191743938
96,5.932846492324342,1.713391979646513,-4.21945451267783,0.7048673574654737,-0.7172101426480155
378,5.90976469413156,2.2496376724760854,-3.660127021655474,1.1374934919600963,-1.2618728658523444
458,5.902618325336197,4.932372739468844,-0.9702455858673518,1.40662819146127,-0.4851227929336759
635,5.862685601118648,0.951289256516677,-4.911396344601971,0.6600609388097023,-2.147293983247902
237,5.855102042763773,2.2101099762067733,-3.6449920665569993,0.8479562584743536,-1.112683807499579
233,5.838265760384324,3.689238171420917,-2.149027588963408,0.9528842489728161,-0.8324269801873827
167,5.837080444156211,1.9835564973579662,-3.853523946798245,0.9083074524937902,-0.999967762911993
131,5.81314095052979,3.2107769236967463,-2.602364026833045,1.6297188986208966,-0.7062202504239727
294,5.805111747433583,0.0370448642014232,-5.7680668832321595,0.0370448642014232,-1.1421143333511894
689,5.797546498118383,2.0953222089545154,-3.702224289163867,0.9679359145017818,-0.8480702329733054
259,5.794490365626141,2.8716328753539657,-2.9228574902721745,1.4136131155883611,-1.1397916444251626
201,5.776503356354645,1.910077308830237,-3.8664260475244094,1.4276996521412468,-0.999967164289481
376,5.768453081200873,0.0,-5.768453081200873,0.0,-1.3734915634837668
468,5.747538688151393,3.2008446841756752,-2.5466940039757193,1.188123803647585,-1.1137210587243858
125,5.740420139088292,3.683089885083984,-2.057330254004308,1.6382554125089768,-0.5518162830355735
654,5.738437395381139,1.351089413861665,-4.387347981519474,0.6596425479421322,-1.585250612405395
503,5.723147431777779,3.9120823093215016,-1.8110651224562777,2.017453779048173,-0.7601454536955388
251,5.706182316045166,2.7787132387485016,-2.927469077296664,1.244700592249913,-1.031616933963257
483,5.598516382644716,3.3015079377061958,-2.29700844493852,0.8488676287772309,-1.1142279510181519
220,5.583756015595656,0.5232442737404444,-5.060511741855211,0.5232442737404444,-1.273508744190987
181,5.565490559520262,1.4668843692418525,-4.09860619027841,0.7853992684694062,-1.3474483139196265
421,5.502292430208246,3.573087375675226,-1.9292050545330186,1.1521082065176094,-0.626787290998849
548,5.492533320987188,0.5315747362719575,-4.960958584715231,0.29334582181574215,-0.848221701652643
272,5.388826286841312,3.1015883764293704,-2.2872379104119425,1.3165571498632207,-0.8043363602713148
672,5.3847667005299495,4.070866820683654,-1.313899879846296,1.2880886478657005,-0.26277997596925917
163,5.381813440082736,3.7629353211213825,-1.618878118961352,1.059748997567085,-1.0196045236501994
678,5.3700977627634,1.8101596538693399,-3.5599381088940603,1.8101596538693399,-0.8481004916684295
450,5.3690174104405,1.5909593427384685,-3.7780580677020312,1.1589603286291517,-1.6575588994920905
225,5.365926064398188,1.696675484079296,-3.6692505803188924,1.3438773548671359,-1.2547362357014418
560,5.34876782046906,1.3811668431117798,-3.967600977357282,0.7913275898260311,-1.1375862877605811
423,5.3418894844666935,3.663267540227502,-1.678621944239192,0.9466612997574108,-0.3656613456347471
593,5.324542921510847,0.18571533517581915,-5.138827586335029,0.18571533517581915,-1.189429161309526
690,5.3052202518723846,2.6724768410503166,-2.632743410822068,0.8458194872843048,-0.6780084876137942
552,5.302616424330903,0.0,-5.302616424330903,0.0,-0.8950674264208496
54,5.27820934016783,1.6706436811593146,-3.6075656590085154,1.6706436811593146,-1.2540706919149611
191,5.21940864970316,1.8686495408811177,-3.3507591088220425,1.2090143580535133,-0.6784649863706347
202,5.213185108966156,1.8749778233892391,-3.3382072855769183,0.7629729434427901,-0.6781232826559502
193,5.190047912596612,1.3845342250486024,-3.8055136875480104,1.0152162786611698,-1.1375663591566125
675,5.1892504668077954,1.534415186096478,-3.6548352807113162,0.823219003819463,-0.8481806402939563
345,5.185489968799214,1.9663017437897066,-3.219188225009506,1.171379884667011,-0.734330341086934
669,5.179921940147436,3.299138344288851,-1.8807835958585863,1.6065215051253188,-0.30327763545607433
456,5.17177267799654,1.1668005799000765,-4.004972098096465,1.0734349423870275,-0.7096718729276938
126,5.134257421891382,1.357013326940856,-3.777244094950525,0.7117796166478285,-0.781380985499249
454,5.1083683879213195,3.8299839921725933,-1.2783843957487246,0.9440516000182706,-0.6777521537446325
530,5.10615358370053,4.5042844190191405,-0.6018691646813896,1.886440442004951,-0.26266574014603394
567,5.069519594047933,0.39403321498083554,-4.675486379067098,0.39403321498083554,-1.5851530374088503
41,5.067297876441727,1.5922126027276362,-3.4750852737140923,0.6780247972805331,-1.0479434237255854
74,5.044204560848296,1.899024043561884,-3.1451805172864127,1.0171048949805865,-1.3609020222184443
511,5.026133598233456,1.8730836958561867,-3.15304990237727,1.281797926504681,-0.6791711428895437
291,5.012973517121827,1.9537022704267673,-3.0592712466950593,1.2815816851193844,-0.9492465941270315
359,4.974059252038969,2.2970238494834927,-2.6770354025554752,1.2236196262783008,-0.8448341291745709
387,4.9726340420058515,2.9271426607265187,-2.045491381279333,1.3754114923597436,-0.768044488548472
628,4.917103321546783,1.0211096025627413,-3.8959937189840423,0.7158447879752974,-0.6783802683274573
451,4.8632691801773085,3.0555609372658323,-1.807708242911476,0.9437243791842794,-0.6429799596987524
660,4.861515829818982,0.5646918900132968,-4.2968239398056856,0.5646918900132968,-0.9378084505158865
40,4.847131802125992,0.626452388332072,-4.2206794137939205,0.37340463969053966,-1.3929671273630932
497,4.799278423182494,1.797968711811516,-3.0013097113709777,0.8798146058340104,-1.8785036252396052
349,4.772080351365484,0.3237984482954683,-4.448281903070017,0.3237984482954683,-1.484940001023493
248,4.759709176544576,1.7923623953688619,-2.967346781175715,0.75898947803308,-0.6942408433944168
498,4.750218683826717,1.4997926797420458,-3.2504260040846717,1.2535500053515853,-0.8736983172601875
257,4.743246434983902,2.598075158183579,-2.1451712768003253,1.0000252677599195,-1.1859555504564163
36,4.734461081642421,1.1372706771465038,-3.597190404495917,1.1372706771465038,-1.5746513697485522
477,4.72075321952869,1.4085001545644678,-3.3122530649642217,0.4251162625505054,-0.9101399427273903
582,4.696673160128817,0.6603595228160077,-4.0363136373128095,0.5437111810873481,-1.1379761869444232
540,4.665301650994793,1.3634345062532451,-3.3018671447415477,1.3634345062532451,-1.6475313015681934
226,4.662801027250288,1.484675686896,-3.178125340354289,0.5905304998801192,-0.7879811233736106
631,4.621686478792756,1.2213189156456674,-3.4003675631470887,0.8253746964400643,-0.8711710484464263
578,4.591003767454984,1.276049472749385,-3.3149542947055983,0.6547442218147329,-0.6996499524889763
661,4.504503729742586,1.8525484762480366,-2.651955253494549,0.6611344119134608,-0.48544130964422116
43,4.492969894490789,1.633104387062315,-2.8598655074284736,1.2513382849372163,-0.7177025140932238
558,4.454724399025089,0.2531052481759309,-4.201619150849158,0.2531052481759309,-1.316193559685004
489,4.41550819859272,3.055278759386182,-1.3602294392065382,1.1939518140961316,-0.7370092041074219
333,4.408686735437574,1.5394165930035473,-2.869270142434027,0.5888968751890875,-1.4811572728242022
522,4.40854096573252,1.5998231620424028,-2.8087178036901173,0.9403975241420449,-1.3113183317197552
486,4.405356873522733,1.3867080121922883,-3.0186488613304445,1.0749368447196417,-1.0793494908430152
342,4.4053348523098,2.631253463132785,-1.7740813891770157,0.8481376707394765,-0.8550652747498505
42,4.325176326953056,1.5029507911491309,-2.8222255358039243,1.5029507911491309,-0.8602982773888455
681,4.300119975179649,1.457833825849718,-2.84228614932993,1.1114577164064035,-0.6781769681891427
228,4.257754205399773,1.7623873733571707,-2.495366832042605,1.3621213184896357,-0.8753019229390431
422,4.20731287378139,1.0312986474730284,-3.1760142263083617,0.6372571939295095,-0.6780247087406202
572,4.136216308821918,1.3983082451532818,-2.737908063668636,0.9318161540742376,-1.2630119426282151
523,4.110017342087671,1.7900966232654505,-2.3199207188222206,0.8213509400035885,-0.6780908790328817
38,4.06236650695463,0.7023344643121626,-3.3600320426424677,0.3759480043876604,-1.2934824335064152
469,4.047836311247264,2.5637993682336724,-1.4840369430135905,0.7509807358428102,-0.5580238061981937
385,4.036507766953683,0.2818157724065557,-3.7546919945471258,0.2818157724065557,-1.4561928496395842
501,4.025212640324317,0.8160646683536887,-3.2091479719706277,0.4438392006662976,-0.9657413713193252
555,4.009869808897449,1.8876771677178508,-2.1221926411795975,1.0173275580215577,-0.8479300445455549
597,4.003421619431636,0.7943287522776923,-3.2090928671539447,0.5420021776297846,-0.8768358152253217
196,3.993289203070965,0.0,-3.993289203070965,0.0,-1.1377880324944236
239,3.913766522929971,0.29531122214896205,-3.618455300781009,0.2628440268403781,-0.788248353510567
129,3.9081194539221027,0.909892803125046,-2.998226650797057,0.4010571621134405,-1.000157545972991
218,3.883980602270199,1.9297493207913603,-1.9542312814788385,1.352254803461821,-0.8477166120158722
383,3.88023045208057,0.7667685900146526,-3.1134618620659174,0.5859138086156863,-0.9969962908363657
646,3.8481017531301798,1.7953372849122804,-2.0527644682178994,1.1359075788616373,-1.0319702663083132
205,3.828846779997413,0.19594264823084104,-3.632904131766572,0.19594264823084104,-0.8214440558334297
416,3.81198101743646,1.986876364312774,-1.8251046531236859,0.6944714157519252,-0.6779372427902787
683,3.7574249087578995,2.221282950755317,-1.5361419580025815,0.9667905276249934,-0.48514232866967477
542,3.730118607041647,0.8509651248665147,-2.879153482175133,0.6217702023143817,-0.5304220080763504
544,3.7010588286421298,0.6759110169492086,-3.0251478116929214,0.6759110169492086,-1.0001198074454034
470,3.6980994748573215,1.5056657633201667,-2.1924337115371553,0.7609891882355954,-0.8480277639885505
180,3.6913281164279916,0.19545149023512165,-3.49587662619287,0.19545149023512165,-0.9780866946268582
527,3.690011991270367,2.639543588602248,-1.0504684026681186,1.344365407703894,-0.4849163744806335
331,3.671397216219569,0.7457876364698787,-2.925609579749691,0.7441169030385383,-0.9289623338369438
159,3.6227797894576907,1.5204569823842782,-2.102322807073413,1.1227315406085183,-0.6767164308042719
614,3.5632798599109052,1.8413232518541551,-1.721956608056749,0.9775675392904534,-0.4849527308531777
93,3.5409617892979437,0.5918047826566522,-2.9491570066412915,0.5918047826566522,-1.2149664810185914
494,3.538242873022348,0.4518012371054868,-3.086441635916861,0.24323052536566728,-0.6781214744243527
610,3.532308973816927,0.06760419279857745,-3.4647047810183498,0.06760419279857745,-1.1670268052845343
445,3.481263086679665,0.2628338082191812,-3.218429278460484,0.1824507436932286,-1.0001642895789664
568,3.426007220684029,0.3816397999326751,-3.0443674207513536,0.3816397999326751,-0.6782096220168774
622,3.3455150802367237,1.4658459583903496,-1.8796691218463746,0.8099971291249479,-0.8479414992142644
418,3.3036451626543966,1.1274883435393817,-2.1761568191150142,0.5769591455241861,-1.1857684402810036
292,3.2696598356536115,0.11303830787837574,-3.156621527775236,0.11303830787837574,-0.9200409173574511
606,3.206195423383868,0.9874999697923026,-2.2186954535915655,0.8191661703648818,-1.381091352745492
473,3.1634018289372388,0.49734933477315,-2.6660524941640884,0.3548781137001276,-1.84131339112719
679,3.1496152909361754,0.7058972151421257,-2.4437180757940498,0.7058972151421257,-0.5174513793364066
242,3.133946678760893,0.7434442137722017,-2.3905024649886917,0.262987740173599,-0.44766808696721916
176,3.1232997426799045,0.8278233239840516,-2.295476418695853,0.6312480262296069,-0.5785893859265189
157,3.0873696951118714,0.0,-3.0873696951118714,0.0,-0.8482606932054185
261,3.046334587801508,0.7899526511767194,-2.2563819366247886,0.5038260514283823,-0.8991983545504315
487,3.033282974879698,1.6645635154436151,-1.368719459436083,1.0427463551305216,-0.6780004385819245
288,2.968159343084426,1.2220173183492733,-1.7461420247351533,0.8537220727597576,-0.80973918883493
449,2.9677030914329023,1.2667675850822548,-1.7009355063506473,0.5923237670924102,-0.7007663991951825
685,2.9143632779969972,1.4499502777537223,-1.4644130002432747,0.555101791539688,-0.4853364054803647
608,2.9133695101137778,0.0868585050424184,-2.826511005071359,0.0868585050424184,-0.6782699245770065
537,2.773565945083186,2.5106908548264206,-0.2628750902567651,1.0813579873940673,-0.2628750902567651
526,2.70962001123189,0.0,-2.70962001123189,0.0,-0.6172299314529595
598,2.7007862632065343,1.5427719737623626,-1.1580142894441707,0.8212417767410515,-0.48541125275441555
538,2.508726024161777,1.3136282811990037,-1.1950977429627732,0.9673565109529589,-0.4854314202498434
680,2.4786660780234158,1.1632953588923145,-1.3153707191311013,0.8243610930312782,-0.2630460934786252
529,2.4361105717510267,0.0,-2.4361105717510267,0.0,-0.8415754192127973
367,2.432573955811168,0.7998028204092217,-1.6327711354019465,0.439883512488853,-0.8461207721176199
235,2.3995068147503176,0.5593781212128306,-1.8401286935374872,0.5593781212128306,-0.9689661487208969
427,2.2438046700266843,0.6386913458608208,-1.6051133241658635,0.6386913458608208,-0.6783070427312164
566,2.1733184052789474,0.21442763733388662,-1.9588907679450611,0.21442763733388662,-0.6781313213026657
338,1.9506805284703281,0.00639279656280299,-1.9442877319075251,0.00639279656280299,-0.6752423231511627
571,1.9420769250275192,1.1018587443277488,-0.8402181806997702,0.8501710234813991,-0.8362003822229543
73,1.929227130876909,0.8393526063857925,-1.0898745244911163,0.7340510739306342,-0.4972086405885379
549,1.8923703277359147,1.3197973979751136,-0.5725729297608011,1.1529611593527593,-0.26298023239407675
368,1.7945674174323707,0.6371079184284899,-1.157459499003881,0.36519145850183965,-0.6746540509507706
158,1.769078330524226,1.2993955635031806,-0.4696827670210453,0.7913010968813091,-0.2629568280319031
531,1.5404693540316972,0.0,-1.5404693540316972,0.0,-0.5183277911280135
547,1.5361683932765027,0.3361308295185377,-1.200037563757965,0.3361308295185377,-0.48547658399852683
533,1.5207456981151715,0.9272204595506682,-0.5935252385645033,0.5611853671715805,-0.36596483682430914
541,1.2649179169617413,0.34451686485032323,-0.920401052111418,0.34451686485032323,-0.39374330418806436
532,1.168267009227477,0.23746148285902396,-0.9308055263684527,0.14988680212208302,-0.667784214618373
